country,hashtag,count
Italy,fyp,18
Italy,italy,18
Italy,outfitinspo,14
Italy,fashion,13
Italy,outfit,12
Italy,fashiontiktok,11
Italy,milan,10
Italy,ootd,10
Italy,outfitideas,10
Italy,italianstyle,9
Italy,modaitaliana,9
Italy,styleinspo,9
Italy,italianfashion,7
Italy,oldmoney,7
Italy,italiansummer,6
Italy,lookbook,6
Italy,summeroutfit,6
Italy,foryou,5
Italy,foryoupage,5
Italy,italia,5
Italy,italian,5
Italy,mensfashion,5
Italy,milano,5
Italy,perte,5
Italy,style,5
Italy,estate2025,4
Italy,fashioninspo,4
Italy,outfitoftheday,4
Italy,outfits,4
Italy,streetstyle,4
Italy,summer,4
Italy,dayinmylife,3
Italy,eurosummer,3
Italy,fashiontrends,3
Italy,hairstyle,3
Italy,lifestyle,3
Italy,luxurylife,3
Italy,oldmoneyaesthetic,3
Italy,ootdinspo,3
Italy,outfitchange,3
Italy,outfitinspiration,3
Italy,summerfits,3
Italy,summeroutfitinspo,3
Italy,tiktokfashion,3
Italy,tips,3
Italy,viral,3
Italy,elegance,2
Italy,fashionaddict,2
Italy,fashionista,2
Italy,fashionlover,2
Italy,gentleman,2
Italy,girls,2
Italy,girlstrip,2
Italy,greenscreen,2
Italy,grwm,2
Italy,hair,2
Italy,haul,2
Italy,italianvibes,2
Italy,italien,2
Italy,italysummer,2
Italy,look,2
Italy,luigilauro,2
Italy,madeinitaly,2
Italy,menstyle,2
Italy,milanfashion,2
Italy,milanstreetstyle,2
Italy,moda,2
Italy,modadonna,2
Italy,modaitalia,2
Italy,modamasculina,2
Italy,outfitcheck,2
Italy,outfitgoals,2
Italy,petitefashion,2
Italy,richlife,2
Italy,roma,2
Italy,sheintrends,2
Italy,shopnow,2
Italy,springfashion,2
Italy,streetwear,2
Italy,studyabroad,2
Italy,styletips,2
Italy,summerinspo,2
Italy,summerlooks,2
Italy,summervibes,2
Italy,tiktokitalia,2
Italy,travel,2
Italy,vacation,2
Italy,whitefoxpartner,2
Italy,1940s,1
Italy,1950s,1
Italy,2024,1
Italy,90slook,1
Italy,abbigliamentodonna,1
Italy,abitiestivi,1
Italy,abitoestivo,1
Italy,abitoperfetto,1
Italy,acquistaora,1
Italy,activewearfashion,1
Italy,adv,1
Italy,amalfi,1
Italy,amalficoast,1
Italy,amphurastyle,1
Italy,aperolspritz,1
Italy,artigianatoitaliano,1
Italy,asos,1
Italy,asoshaul,1
Italy,aupair,1
Italy,aupairvlog,1
Italy,beachfits,1
Italy,beachoutfitideas,1
Italy,beautiful,1
Italy,beigeaesthetic,1
Italy,bellagio,1
Italy,benvestire,1
Italy,bernardgarby,1
Italy,bespoke,1
Italy,bestdressed,1
Italy,biblioteca,1
Italy,bilingual,1
Italy,bilingue,1
Italy,birkenstocks,1
Italy,blue,1
Italy,boyfriend,1
Italy,brandemergenti,1
Italy,branditaliani,1
Italy,bratsummer,1
Italy,broadshoulderoutfits,1
Italy,broadshoulders,1
Italy,buy,1
Italy,camicia,1
Italy,camisas,1
Italy,casualwear,1
Italy,chiaraferragni,1
Italy,chiarastyle,1
Italy,chicandtrendy,1
Italy,choir,1
Italy,classmen,1
Italy,classy,1
Italy,classymen,1
Italy,classystyle,1
Italy,cleanaesthetic,1
Italy,comefarelavali,1
Italy,comfortedesign,1
Italy,comolake,1
Italy,compraitaliano,1
Italy,consultoriadeimagem,1
Italy,coolstyle,1
Italy,cormio,1
Italy,corporateoutfit,1
Italy,couple,1
Italy,creativestyle,1
Italy,creatorsearchinsights,1
Italy,crema,1
Italy,culturaitaliana,1
Italy,curly,1
Italy,day,1
Italy,dayinthelife,1
Italy,dietrolequinte,1
Italy,digitalnomadvisa,1
Italy,donneconstile,1
Italy,dressedtothrill,1
Italy,dresses,1
Italy,dressup,1
Italy,drop,1
Italy,effortlessstyle,1
Italy,eleganciaclassica,1
Italy,elegant,1
Italy,elegantoutfits,1
Italy,elegantstyle,1
Italy,eleganza,1
Italy,eleganzaitaliana,1
Italy,estate,1
Italy,estateitaliana,1
Italy,european,1
Italy,europeanfashion,1
Italy,europeansummer,1
Italy,europesummer,1
Italy,eurosummer2025,1
Italy,event,1
Italy,fashionable,1
Italy,fashionblogger,1
Italy,fashioncreativity,1
Italy,fashiondiaries,1
Italy,fashionedit,1
Italy,fashionhacks,1
Italy,fashionicon,1
Italy,fashionideas,1
Italy,fashioninspiration,1
Italy,fashionitalia,1
Italy,fashionjourney,1
Italy,fashionlook,1
Italy,fashionlovers,1
Italy,fashionrevolution,1
Italy,fashionsale,1
Italy,fashionshow,1
Italy,fashionstyle,1
Italy,fashiontok,1
Italy,fashiontransformation,1
Italy,fashiontrend,1
Italy,fashionvibes,1
Italy,fashionweek,1
Italy,femenine,1
Italy,femenineenergy,1
Italy,firenze,1
Italy,florenceitaly,1
Italy,followformorevideo,1
Italy,followme,1
Italy,foru,1
Italy,foryoupagee,1
Italy,foryour,1
Italy,foryourpages,1
Italy,fy,1
Italy,fyfyfyfy,1
Italy,gafas,1
Italy,genzstyle,1
Italy,getreadywithme,1
Italy,girl,1
Italy,girldinner,1
Italy,giuseppezanotti,1
Italy,glamour,1
Italy,halloween,1
Italy,holidayfits,1
Italy,ideasforsummer,1
Italy,ilpuntomoda,1
Italy,influencer,1
Italy,inspiration,1
Italy,instafashion,1
Italy,invitedby,1
Italy,ioetestore,1
Italy,ispirazionemoda,1
Italy,italianculture,1
Italy,italianfashionstyle,1
Italy,italianmen,1
Italy,italiano,1
Italy,italianoutfit,1
Italy,italianstudent,1
Italy,italiansuits,1
Italy,italiansummeraesthetic,1
Italy,italiansummeraesthetics,1
Italy,italoamericana,1
Italy,italyaesthetic,1
Italy,italylookbook,1
Italy,italylooks,1
Italy,italyootd,1
Italy,italyoutfits,1
Italy,italystyle,1
Italy,italysummer2025,1
Italy,italytravel,1
Italy,ladies,1
Italy,ladiesoftiktok,1
Italy,ladolcevita,1
Italy,lady,1
Italy,lagodicomo,1
Italy,learntiktok,1
Italy,lecce,1
Italy,lecco,1
Italy,lemon,1
Italy,lemondress,1
Italy,linenpants,1
Italy,linenshirt,1
Italy,loaferstyle,1
Italy,lookchic,1
Italy,lookdellagiornata,1
Italy,lookestate,1
Italy,lookswitch,1
Italy,love,1
Italy,luxurymenlifestyle,1
Italy,luxurymenswear,1
Italy,mailand,1
Italy,makeup,1
Italy,maladeverao,1
Italy,marcorambaldi,1
Italy,marelboutique,1
Italy,marinitrani,1
Italy,matchingfits,1
Italy,men,1
Italy,menclass,1
Italy,menover60,1
Italy,mensagem,1
Italy,mensstyle,1
Italy,menstailoring,1
Italy,menswear,1
Italy,menwithclassandstyle,1
Italy,menwithstyle,1
Italy,milanfashionweek,1
Italy,milanitaly,1
Italy,milanoitaly,1
Italy,milanoutfit,1
Italy,milanstyle,1
Italy,milanvlog,1
Italy,minimalistfashion,1
Italy,minimalstyle,1
Italy,modaestate2025,1
Italy,modauomo,1
Italy,modelwalk,1
Italy,moderngentleman,1
Italy,modestfashion,1
Italy,modestgirlies,1
Italy,mostviralvideo,1
Italy,movingabroad,1
Italy,mycustomshoes,1
Italy,nauticalaesthetic,1
Italy,negozidimoda,1
Italy,newcollection,1
Italy,newcollections,1
Italy,nightout,1
Italy,nofilterstyle,1
Italy,normalpeople,1
Italy,officechic,1
Italy,officelife,1
Italy,oldmoneymenswear,1
Italy,oldmoneystyle,1
Italy,online,1
Italy,ootdinspiration,1
Italy,ootditalia,1
Italy,ootditaly,1
Italy,ootdmagazine,1
Italy,outfitdelgiorno,1
Italy,outfitdiclasse,1
Italy,outfitsideas,1
Italy,outfitsiwore,1
Italy,outfitstrend,1
Italy,outfitvacanza,1
Italy,palmbeach,1
Italy,palmbeachisland,1
Italy,palmbeachstylist,1
Italy,pantalones,1
Italy,pasitano,1
Italy,pilatesgirl,1
Italy,pinterestgirls,1
Italy,plussizefashion,1
Italy,porsche,1
Italy,porscheclub,1
Italy,pourtoi,1
Italy,promozione,1
Italy,pubblicità,1
Italy,purecotton,1
Italy,quietluxury,1
Italy,ragazze,1
Italy,relationship,1
Italy,rugby,1
Italy,samba,1
Italy,sartoriale,1
Italy,scelgoiconvoi,1
Italy,scontimoda,1
Italy,sere,1
Italy,sheincodes2023,1
Italy,sheindress,1
Italy,sheindresses,1
Italy,sheininitaly,1
Italy,sheinmodernman,1
Italy,sheinootd,1
Italy,sheinoutfit,1
Italy,shirt,1
Italy,shoplocalitaly,1
Italy,shopping,1
Italy,shoppingonline,1
Italy,shoppingroma,1
Italy,shoppingtips,1
Italy,simplefits,1
Italy,skirt,1
Italy,skort,1
Italy,slay,1
Italy,slowfashion,1
Italy,slowfashiontiktok,1
Italy,slowstyle,1
Italy,smartcasual,1
Italy,sneakerlover,1
Italy,spedizioniintuttaitalia,1
Italy,spring,1
Italy,springoutfit,1
Italy,springoutfitideas,1
Italy,ss25trends,1
Italy,stile,1
Italy,stileitaliano,1
Italy,storia,1
Italy,stradivarius,1
Italy,streetstyl,1
Italy,streetstyleitalia,1
Italy,styleblogger,1
Italy,styleedit,1
Italy,styleevolution,1
Italy,styleinspiration,1
Italy,stylequeen,1
Italy,stylesnap,1
Italy,stylestatement,1
Italy,styling,1
Italy,stylingtips,1
Italy,stylishoutfit,1
Italy,summer2023,1
Italy,summer2024,1
Italy,summerclothes,1
Italy,summerdress,1
Italy,summerideas,1
Italy,summerides,1
Italy,summerlookbook,1
Italy,summermode,1
Italy,summernights,1
Italy,summeroutfits,1
Italy,summerstyle,1
Italy,summertime,1
Italy,tailoring,1
Italy,tendenze2025,1
Italy,theatre,1
Italy,tiktok,1
Italy,tiktokrugby,1
Italy,tiktokstyle,1
Italy,tourist,1
Italy,travels,1
Italy,travelstyle,1
Italy,traveltips,1
Italy,traveltok,1
Italy,travelvlog,1
Italy,trend,1
Italy,trendsetter,1
Italy,trendy,1
Italy,treviglio,1
Italy,tryonhaul,1
Italy,tshirt,1
Italy,tshirtdesign,1
Italy,tshirts,1
Italy,turin,1
Italy,ufficio,1
Italy,unisexclothing,1
Italy,unisexfashion,1
Italy,urlaub,1
Italy,vacationdress,1
Italy,vacationoutfits,1
Italy,valigiapronta,1
Italy,varenna,1
Italy,verano,1
Italy,vestitibelli,1
Italy,vestitibianchi,1
Italy,vestitidonna,1
Italy,vestitobianco,1
Italy,viajareestilo,1
Italy,vintage,1
Italy,vintageclothing,1
Italy,vintagelove,1
Italy,vintagemenswear,1
Italy,vintageshop,1
Italy,vintagestyle,1
Italy,vintagesuit,1
Italy,viral_video,1
Italy,visititaly,1
Italy,vlog,1
Italy,wardrobemagic,1
Italy,weddingday,1
Italy,whatpeoplearewearing,1
Italy,whattowear,1
Italy,whattowearitaly,1
Italy,whattoweartoday,1
Italy,whitefoxboutique,1
Italy,whitefoxhaul,1
Italy,woman,1
Italy,womensfashion,1
Italy,womenswear,1
Italy,zara,1
Italy,zarahaul,1
Italy,zesty,1
Italy,zestytrends,1
Japan,夏コーデ,25
Japan,おすすめ,13
Japan,ootd,11
Japan,ストリートファッション,11
Japan,ファッション,11
Japan,メンズファッション,11
Japan,プチプラコーデ,10
Japan,大人カジュアル,10
Japan,韓国ファッション,10
Japan,fyp,9
Japan,zara,9
Japan,カジュアルコーデ,9
Japan,夏服,9
Japan,骨格ウェーブ,9
Japan,zozotown,8
Japan,プチプラ,8
Japan,着回しコーデ,8
Japan,骨格ストレート,8
Japan,コーデ,7
Japan,低身長コーデ,7
Japan,uniqlo,6
Japan,ストリート,6
Japan,ユニクロ,6
Japan,fashion,5
Japan,zaraコーデ,5
Japan,zara購入品,5
Japan,コーデ紹介,5
Japan,ザラ,5
Japan,夏服コーデ,5
Japan,春コーデ,5
Japan,1週間コーデ,4
Japan,40代コーデ,4
Japan,grl,4
Japan,gu,4
Japan,outfit,4
Japan,シャツコーデ,4
Japan,デニムコーデ,4
Japan,デートコーデ,4
Japan,ママコーデ,4
Japan,低身長,4
Japan,春服,4
Japan,着痩せコーデ,4
Japan,韓国,4
Japan,韓国コーデ,4
Japan,cityboy,3
Japan,grl購入品,3
Japan,tシャツコーデ,3
Japan,y2kコーデ,3
Japan,y2kファッション,3
Japan,zozotown購入品,3
Japan,ぽっちゃり,3
Japan,アラサーコーデ,3
Japan,アラサー女子,3
Japan,シンプルコーデ,3
Japan,ストリート系女子,3
Japan,プチプラファッション,3
Japan,メンズコーデ,3
Japan,メンズライク,3
Japan,レディースファッション,3
Japan,冬コーデ,3
Japan,垢抜け,3
Japan,大人カジュアルコーデ,3
Japan,着回し,3
Japan,30代ファッション,2
Japan,40代,2
Japan,coca,2
Japan,discoat,2
Japan,foryou,2
Japan,grlコーデ,2
Japan,lookbook,2
Japan,pr,2
Japan,street,2
Japan,tシャツ,2
Japan,zaraoutfit,2
Japan,zozo,2
Japan,おすすめにのりたい,2
Japan,きれいめカジュアル,2
Japan,ぽっちゃりコーデ,2
Japan,アラフォーコーデ,2
Japan,イケメン男子,2
Japan,グレイル,2
Japan,コーディネート,2
Japan,シティーボーイ,2
Japan,ストリートコーデ,2
Japan,スニーカー女子,2
Japan,デニム,2
Japan,モテコーデ,2
Japan,モテ男,2
Japan,モノトーンコーデ,2
Japan,ユニクロ購入品,2
Japan,今日のコーデ,2
Japan,垢抜けコーデ,2
Japan,夏ファッション,2
Japan,大人可愛い,2
Japan,大人可愛いコーデ,2
Japan,大人女子,2
Japan,女子会コーデ,2
Japan,安すぎ,2
Japan,服,2
Japan,毎日コーデ,2
Japan,毎日ファッション,2
Japan,気温別コーデ,2
Japan,海外ファッション,2
Japan,白t,2
Japan,綺麗めカジュアル,2
Japan,綺麗めコーデ,2
Japan,韓国ストリート,2
Japan,韓国通販,2
Japan,骨スト,2
Japan,07,1
Japan,08,1
Japan,09,1
Japan,100円,1
Japan,150cmコーデ,1
Japan,155cm,1
Japan,158cmコーデ,1
Japan,160cm,1
Japan,160cmコーデ,1
Japan,30代コーデ,1
Japan,40代オシャレの教科書,1
Japan,40代ファッション,1
Japan,50代,1
Japan,990tops,1
Japan,990スタイリングチャレンジ,1
Japan,adidas,1
Japan,astronomy,1
Japan,capcut,1
Japan,cenea,1
Japan,classicalelf,1
Japan,cocawithme,1
Japan,cocaコーデ,1
Japan,cpcm,1
Japan,croisiere,1
Japan,dailyコーデ,1
Japan,dazzlin,1
Japan,fashiontok,1
Japan,globalwork,1
Japan,guコーデ,1
Japan,hiphop,1
Japan,howto,1
Japan,howto動画,1
Japan,jk,1
Japan,koreanfashion,1
Japan,kpop,1
Japan,marryme,1
Japan,milybilet,1
Japan,olコーデ,1
Japan,sawaalamode,1
Japan,shein,1
Japan,summeroutfit,1
Japan,wego_ootd,1
Japan,wshot,1
Japan,y2k,1
Japan,zarahaul,1
Japan,zaranewin,1
Japan,zaraしか勝たん,1
Japan,zara新作,1
Japan,おしゃれ,1
Japan,おすすめコーデ,1
Japan,おば見え,1
Japan,お団子ヘア,1
Japan,お洒落コーデ,1
Japan,かっこいい,1
Japan,かつき,1
Japan,かんこくすきなひとと繋がりたい,1
Japan,きれいめコーデ,1
Japan,ちびりおコーデ,1
Japan,ぽっちゃり女子,1
Japan,アウター,1
Japan,アベイル,1
Japan,アラサーファッション,1
Japan,アラフィフ,1
Japan,アラフィフママ,1
Japan,アレンジ,1
Japan,アレンジ動画,1
Japan,イケオジ,1
Japan,インすら方法,1
Japan,インスタ,1
Japan,オバコーデ,1
Japan,オフィスカジュアル,1
Japan,オフィスコーデ,1
Japan,オンライン古着屋,1
Japan,オーバーサイズ,1
Japan,オールインワン,1
Japan,カジュアル,1
Japan,カジュアルファッション,1
Japan,ガーリーコーデ,1
Japan,キャクター,1
Japan,キャミワンピ,1
Japan,キャミワンピース,1
Japan,キレイめコーデ,1
Japan,ギャルコーデ,1
Japan,クロジエール,1
Japan,グローバルワーク,1
Japan,コーディネー,1
Japan,コーディネート夏,1
Japan,コーデ集,1
Japan,コート,1
Japan,サマーセール,1
Japan,サロペットコーデ,1
Japan,サワアラモード,1
Japan,ザラジョ,1
Japan,ザラジョコーデ,1
Japan,ザラセール,1
Japan,ザラ購入品,1
Japan,シアー,1
Japan,シアーシャツ,1
Japan,シアートップス,1
Japan,シティーボーイ＃メンズライク,1
Japan,シャツ,1
Japan,シャツの着方,1
Japan,シャツアレンジ,1
Japan,シャーリング,1
Japan,シュプリーム,1
Japan,ショートヘア,1
Japan,ジップパーカー,1
Japan,ジャケットコーデ,1
Japan,ジーユー,1
Japan,スウェットコーデ,1
Japan,スカート,1
Japan,スタイリング,1
Japan,スタッフコーデ,1
Japan,ステューシー,1
Japan,ストリートシック,1
Japan,ストリート系男子,1
Japan,スト女,1
Japan,スニーカーコーデ,1
Japan,セットアップ,1
Japan,セール,1
Japan,セール品,1
Japan,セール情報,1
Japan,タンクトップ,1
Japan,ダンサー,1
Japan,ダンサーファッション,1
Japan,ダンサー女子,1
Japan,ダンス,1
Japan,ダンスコーデ,1
Japan,ダンスファッション,1
Japan,ダンスファッション通販,1
Japan,ダンス女子,1
Japan,ダンス衣装,1
Japan,チェックシャツ,1
Japan,テクスチャー,1
Japan,テテ,1
Japan,ディナーコーデ,1
Japan,ディナーデート,1
Japan,デニムパンツ,1
Japan,デート服メンズ,1
Japan,ノームコア,1
Japan,バギーデニム,1
Japan,バスケ,1
Japan,バランスボールインストラクター,1
Japan,バレルレッグ,1
Japan,パーカー,1
Japan,ビッグサイズ,1
Japan,ファッション解説,1
Japan,ファッション通販,1
Japan,フォローお願いします,1
Japan,ブラウスコーデ,1
Japan,ブランド,1
Japan,ブランド解説,1
Japan,ブルベ夏,1
Japan,プチプラコーデおすすめ,1
Japan,プチプラブランド,1
Japan,ヘンリーネック,1
Japan,ベルト,1
Japan,ママスタッフ,1
Japan,ママファッション,1
Japan,ミウィビレット,1
Japan,ミニボブ,1
Japan,ミニボブアレンジ,1
Japan,メイク,1
Japan,メンズカジュアル,1
Japan,メンズカジュアルコーデ,1
Japan,メンズファッションコーデ,1
Japan,メンズ垢抜け,1
Japan,メンズ夏服コーデ,1
Japan,モテたい,1
Japan,モテたい男子必見,1
Japan,ユニクロコーデ,1
Japan,ユニクロ新作,1
Japan,リクエスト,1
Japan,ルセラ,1
Japan,ルセラフィム,1
Japan,レイヤーカット,1
Japan,ロゴt,1
Japan,ワイドデニム,1
Japan,ワイドパンツ,1
Japan,一重女子,1
Japan,三軒茶屋古着屋,1
Japan,主婦コーデ,1
Japan,今日の服,1
Japan,体型カバー,1
Japan,体型カバーコーデ,1
Japan,便利,1
Japan,保存,1
Japan,入学式コーデ,1
Japan,公園コーデ,1
Japan,参考コーデ,1
Japan,古着,1
Japan,古着初心者,1
Japan,古着女子,1
Japan,古着屋,1
Japan,古着屋sakashita,1
Japan,可愛い女の子,1
Japan,回転界隈,1
Japan,垢抜け男子,1
Japan,夏,1
Japan,夏のデートコーデ,1
Japan,夏コーデ＃コーデ紹介,1
Japan,多系統,1
Japan,多系統コーデ,1
Japan,大きいサイズ,1
Japan,大人っぽコーデ,1
Japan,大人コーデ,1
Japan,大阪,1
Japan,女子大生,1
Japan,女子旅,1
Japan,小学生ママ,1
Japan,小物,1
Japan,平松想乃,1
Japan,戦利品,1
Japan,春アウター,1
Japan,春コーデ2023,1
Japan,春コーディネート,1
Japan,春ファッション,1
Japan,春夏コーデ,1
Japan,梅雨,1
Japan,梅雨コーデ,1
Japan,毎日更新,1
Japan,気温別,1
Japan,海外コーデ,1
Japan,海外スタイル,1
Japan,海外女子,1
Japan,淡色コーデ,1
Japan,渡韓vlog,1
Japan,激安コーデ,1
Japan,甘めカジュアル,1
Japan,田舎,1
Japan,白tコーデ,1
Japan,目玉商品,1
Japan,着回したコーデ,1
Japan,着回し術,1
Japan,着痩せ,1
Japan,着痩せテク,1
Japan,破格,1
Japan,私服,1
Japan,秋コーデ,1
Japan,秋コーデ先取り,1
Japan,秋服,1
Japan,秋服コーデ,1
Japan,秋服ファッション,1
Japan,秋服紹介,1
Japan,結婚,1
Japan,脱オバ,1
Japan,自然界隈,1
Japan,衣装,1
Japan,足を出さないコーデ,1
Japan,通販サイト,1
Japan,通販サイトおすすめ,1
Japan,運動会コーデ,1
Japan,金欠,1
Japan,雑貨,1
Japan,雨,1
Japan,雨の日コーデ,1
Japan,韓スト,1
Japan,韓国adidas,1
Japan,韓国カジュアル,1
Japan,韓国ガーリー,1
Japan,韓国ストリートコーデ,1
Japan,韓国ストリートファッション,1
Japan,韓国ストリート通販,1
Japan,韓国トレンド,1
Japan,韓国ブランド,1
Japan,韓国ブランド紹介,1
Japan,韓国女子,1
Japan,韓国好き,1
Japan,韓国旅行,1
Japan,韓国男子,1
Japan,韓国購入品,1
Japan,骨ストコーデ,1
Japan,骨格ウェーブコーデ,1
Japan,高校生,1
Japan,高身長コーデ,1
UK,fyp,29
UK,ootd,24
UK,fashiontiktok,22
UK,outfitinspo,21
UK,fashion,14
UK,outfitideas,14
UK,contentcreator,9
UK,creatorsearchinsights,9
UK,styleinspo,8
UK,fashioninspo,7
UK,outfitoftheday,7
UK,stylingtips,7
UK,summeroutfits,7
UK,fashiontips,6
UK,fitcheck,6
UK,streetwear,6
UK,contentideas,5
UK,fashionhacks,5
UK,summerfashion,5
UK,fashioncreator,4
UK,fashiondesigner,4
UK,foryoupage,4
UK,ootdinspo,4
UK,outfittransition,4
UK,contentcreation,3
UK,dailyoutfits,3
UK,fashioncontent,3
UK,fashiontok,3
UK,fypシ,3
UK,fypシ゚viral,3
UK,greenscreen,3
UK,grwm,3
UK,socialmediamarketing,3
UK,summeroutfit,3
UK,tiktokfashion,3
UK,trending,3
UK,amadouuo,2
UK,beforeandafter,2
UK,blazeroutfit,2
UK,blowthisup,2
UK,capcut,2
UK,casualstyle,2
UK,chicoutfit,2
UK,clothingtips,2
UK,contentcreatortips,2
UK,creatortips,2
UK,easyoutfits,2
UK,everydayoutfits,2
UK,explore,2
UK,explorepage,2
UK,fashioncontentcreator,2
UK,fashioninfluencer,2
UK,fashioninfluencers,2
UK,fashionmarketing,2
UK,fashionniche,2
UK,foryou,2
UK,fypage,2
UK,gdwm,2
UK,getdressedwithme,2
UK,glowup,2
UK,levelup,2
UK,ltk,2
UK,marketing,2
UK,mensfashion,2
UK,mensstyle,2
UK,microinfluencertips,2
UK,minimalstyle,2
UK,modestfashion,2
UK,ootdfashion,2
UK,outfit,2
UK,outfitinspiration,2
UK,outfits,2
UK,over50style,2
UK,socialmediagrowth,2
UK,streetfashion,2
UK,stylemistakes,2
UK,summer,2
UK,summerchic,2
UK,summeroutfitinspo,2
UK,summerstyle,2
UK,transition,2
UK,viral,2
UK,13,1
UK,14,1
UK,2025fashiontips,1
UK,3,1
UK,affiliatemarketing,1
UK,affiliatetips,1
UK,affordablefashion,1
UK,age,1
UK,airportoutfit,1
UK,airportstyle,1
UK,amazingoutfits,1
UK,androgynousfashion,1
UK,androgynousstyle,1
UK,artist,1
UK,artistsoftiktok,1
UK,attraction,1
UK,ayllon,1
UK,baggyclothes,1
UK,baggyjeans,1
UK,baggyjeansoutfit,1
UK,basicoutfitideas,1
UK,beautytransformation,1
UK,beginnercontentcreatortips,1
UK,black,1
UK,blackcontentcreators,1
UK,blackfashioninfluencer,1
UK,blackgirlcontentcreator,1
UK,blackgirlmagic,1
UK,blackgirloutfitideas,1
UK,blacktop,1
UK,blockheels,1
UK,blogger,1
UK,blowouthair,1
UK,bodytypes,1
UK,boldandbrave,1
UK,boldstyle,1
UK,brandcollabs,1
UK,branding,1
UK,brandstrategy,1
UK,businessfails,1
UK,businessmistakes,1
UK,businessowner,1
UK,bygisziegiss,1
UK,caitlinjenco,1
UK,capcuttemplates,1
UK,capcuttutorial,1
UK,capsulewardrobe,1
UK,capsulewardrobeideas,1
UK,capsulewardrobestyle,1
UK,capsulewardrobetips,1
UK,casualootd,1
UK,casualoutfitideas,1
UK,challenge,1
UK,chic,1
UK,chictransition,1
UK,christmas,1
UK,clothesbylockerroom,1
UK,clothingbrand,1
UK,clothingbrandtips,1
UK,clothinghaul,1
UK,comfortableoutfit,1
UK,content,1
UK,contentcreatorcoach,1
UK,contentcreators,1
UK,contentcreatorsoftiktok,1
UK,contentideasforsocialmedia,1
UK,contentstrategy,1
UK,coolgirlaesthetic,1
UK,coolgirlstyle,1
UK,createcontent,1
UK,creativedirection,1
UK,creatorinsights,1
UK,creatorjourney,1
UK,creatormonetization,1
UK,cuteootdideas,1
UK,cuteoutfits,1
UK,dailylaughs,1
UK,dailyoutfitideas,1
UK,dailyoutfitinspo,1
UK,daughterstyle,1
UK,digitalagency,1
UK,digitalmarketing,1
UK,digitalmarketingtips,1
UK,dimmysdeluxe,1
UK,dreamlife,1
UK,dressmaking,1
UK,ecommerce,1
UK,ecommercebusiness,1
UK,edgyfashion,1
UK,editingtips,1
UK,editingtutorial,1
UK,editingvideos,1
UK,effortlessstyle,1
UK,elevatedbasics,1
UK,everydayoutfitideas,1
UK,everydaystyle,1
UK,everydaystyleinspo,1
UK,extravagant,1
UK,facecardneverdeclined,1
UK,fallfashion,1
UK,falloutfits,1
UK,familygoals,1
UK,fashion_outfits,1
UK,fashionadvice,1
UK,fashionbrandowner,1
UK,fashionbusinessowner,1
UK,fashionbusinesstips,1
UK,fashionceo,1
UK,fashioncontentcreators,1
UK,fashioncreatortips,1
UK,fashiondesign,1
UK,fashiondesignerinbenincity,1
UK,fashiondesignertips,1
UK,fashionformoms,1
UK,fashionforyou,1
UK,fashiongoals,1
UK,fashioninspoforyou,1
UK,fashionista,1
UK,fashionover40,1
UK,fashionreel,1
UK,fashionreels,1
UK,fashiontipsforwomen,1
UK,fashiontransition,1
UK,fashiontrends,1
UK,fashionvideo,1
UK,fashionvideostutorial,1
UK,femalecontentcreator,1
UK,foryoupageofficiall,1
UK,foryoupagе,1
UK,fromboringtobold,1
UK,ftcelly,1
UK,fulltimecontentcreator,1
UK,funnyvideos,1
UK,fypツ,1
UK,genzstyle,1
UK,getdressed,1
UK,girlyaesthetic,1
UK,girlycasual,1
UK,girlygirl,1
UK,girlystyle,1
UK,glowupchallenge,1
UK,greenscreenvideo,1
UK,growmyaccount,1
UK,growoninstagram,1
UK,holidayclothes,1
UK,holidayoutfits,1
UK,howtobeacontentcreator,1
UK,howtobeaninfluencer,1
UK,howtoedit,1
UK,howtogrowfashionpage,1
UK,howtogrowontiktok,1
UK,howtostyleoutfits,1
UK,humorandfashion,1
UK,influencer,1
UK,influencercontentideas,1
UK,inspireandempower,1
UK,instafashion,1
UK,instagramfashion,1
UK,instagrammodels,1
UK,jenknowsbest,1
UK,jenknowsstyle,1
UK,khaite,1
UK,kibbebodytypes,1
UK,latestoutfits,1
UK,latinagirl,1
UK,layeredoutfits,1
UK,layersonlayers,1
UK,lifestyle,1
UK,littlemix,1
UK,lockerroom,1
UK,lockerroomflashsale,1
UK,loewe,1
UK,luxuryonabudget,1
UK,madeinnigeria,1
UK,maincharacter,1
UK,makeup,1
UK,mary_osemeka,1
UK,masterclass2025,1
UK,matchingoutfits,1
UK,maximalism,1
UK,melbournefashion,1
UK,metgala,1
UK,microinfluencer,1
UK,microinfluencerclub,1
UK,microinfluencerjourney,1
UK,microinfluencertiktok,1
UK,minimal,1
UK,minimalstyledaily,1
UK,minimalstyleinspo,1
UK,minimalstyleoutfit,1
UK,minimeootd,1
UK,mistake,1
UK,mistakes,1
UK,modelgoals,1
UK,modelingjourney,1
UK,modellife,1
UK,modeloffduty,1
UK,modelvibes,1
UK,momanddaughter,1
UK,momlife,1
UK,mommyandmeootd,1
UK,momsoftiktok,1
UK,momsover30,1
UK,momstyle,1
UK,monetize,1
UK,monochromeoutfit,1
UK,mood,1
UK,motfpartner,1
UK,mulesshoes,1
UK,munaalexy,1
UK,mustarddress,1
UK,mymotf,1
UK,myoutfit,1
UK,myoutfits,1
UK,mystyle,1
UK,neutraloutfit,1
UK,neutralstyle,1
UK,nigerianfashionbrand,1
UK,nonbinary,1
UK,nycootd,1
UK,olivedress,1
UK,ootdchallenge,1
UK,ootdpose,1
UK,ootdtips,1
UK,ootdvideo,1
UK,originaldesigns,1
UK,outfitbreakdown,1
UK,outfitchange,1
UK,outfitchangetransition,1
UK,outfitexplained,1
UK,outfitidea,1
UK,outfitinsp,1
UK,outfitmistakes,1
UK,outfitsinspo,1
UK,outfittransformation,1
UK,outfittransitionchallenge,1
UK,outfitvideo,1
UK,over50styleinfluencer,1
UK,oversizedjumpsuit,1
UK,paidtopost,1
UK,pantyline,1
UK,parati,1
UK,parisfashionweek,1
UK,parisianstyle,1
UK,personalbrand,1
UK,personalbranding,1
UK,personalstyle,1
UK,pinterest,1
UK,pinterestaesthetic,1
UK,pinterestoutfit,1
UK,plussizefashion,1
UK,plussizetiktok,1
UK,pretty,1
UK,prlistready,1
UK,quickchange,1
UK,realisticstyle,1
UK,reeltips,1
UK,relatablecontent,1
UK,rewearyourwardrobe,1
UK,sandwichmethod,1
UK,sellyourdesigns,1
UK,sewing,1
UK,sherpajacket,1
UK,shopping,1
UK,shoppinghaul,1
UK,simpleoutfit,1
UK,skirtoverpants,1
UK,smallbiztipstuesday,1
UK,socialengagement,1
UK,socialmedia,1
UK,socialmediacoach,1
UK,stilettoshoes,1
UK,storytime,1
UK,strategy,1
UK,streetstyle,1
UK,streetstylefashion,1
UK,streetstyleinspo,1
UK,streetwearfashion,1
UK,streetwearinspo,1
UK,style,1
UK,styleadvice,1
UK,stylebysa,1
UK,stylecreators,1
UK,styleexpert,1
UK,stylefromscratch,1
UK,stylegoals,1
UK,stylehacks,1
UK,styletiktok,1
UK,styletips,1
UK,styletransformation,1
UK,stylewithme,1
UK,styling,1
UK,stylinghacks,1
UK,stylingideas,1
UK,summerclothes,1
UK,summerclothing,1
UK,summerdresses,1
UK,summerfashioninspo,1
UK,summerhaul,1
UK,summerootd,1
UK,swag,1
UK,tailorgirl,1
UK,takingcontentcreationseriously,1
UK,thecorporatebaddie,1
UK,thriftedootd,1
UK,tiktok,1
UK,tiktokaffiliate,1
UK,tiktokcontent,1
UK,tiktokcontentexpert,1
UK,tiktokglowup,1
UK,tiktokgrowth,1
UK,tiktokoutfits,1
UK,tiktokshop,1
UK,tiktokstrategist,1
UK,tiktokstrategy,1
UK,tiktokstyle,1
UK,tiktoktips,1
UK,timelessstyle,1
UK,tips,1
UK,transformation,1
UK,transformationtuesday,1
UK,traveloutfit,1
UK,trendalert,1
UK,trendingnow,1
UK,trendingvideos,1
UK,trendycasualoutfits,1
UK,trendylook,1
UK,trendylooks,1
UK,twinningwithmom,1
UK,tylerthecreator,1
UK,ugccreator,1
UK,unique,1
UK,uniqueclothing,1
UK,unisex,1
UK,unisexfashion,1
UK,upcominginfluencers,1
UK,urbanchic,1
UK,vacationoutfits,1
UK,vibingbymyself,1
UK,viralcontentldeas,1
UK,viralfashion,1
UK,virallook,1
UK,viraltiktok,1
UK,viralvideo,1
UK,virał,1
UK,watchbutnotlike??,1
UK,wearyourclothesbackwards,1
UK,whattopostontiktok,1
UK,womensfashion,1
UK,xybca,1
UK,xybcafyp,1
UK,xyzbca,1
UK,yapping,1
UK,yellowdress,1
UK,youngtalent,1
UK,yourplugsister,1
UK,yoursopretty,1
UK,zepeto,1
UK,zepetotiktok,1
UK,zept,1
UK,ınstamodel,1
UK,ａｅｓｔｈｅｔｉｃｖｉｂｅｓ,1
USA,fyp,29
USA,ootd,24
USA,fashiontiktok,22
USA,outfitinspo,21
USA,fashion,14
USA,outfitideas,14
USA,contentcreator,9
USA,creatorsearchinsights,9
USA,styleinspo,8
USA,fashioninspo,7
USA,outfitoftheday,7
USA,stylingtips,7
USA,summeroutfits,7
USA,fashiontips,6
USA,fitcheck,6
USA,streetwear,6
USA,contentideas,5
USA,fashionhacks,5
USA,summerfashion,5
USA,fashioncreator,4
USA,fashiondesigner,4
USA,foryoupage,4
USA,ootdinspo,4
USA,outfittransition,4
USA,contentcreation,3
USA,dailyoutfits,3
USA,fashioncontent,3
USA,fashiontok,3
USA,fypシ,3
USA,fypシ゚viral,3
USA,greenscreen,3
USA,grwm,3
USA,socialmediamarketing,3
USA,summeroutfit,3
USA,tiktokfashion,3
USA,trending,3
USA,amadouuo,2
USA,beforeandafter,2
USA,blazeroutfit,2
USA,blowthisup,2
USA,capcut,2
USA,casualstyle,2
USA,chicoutfit,2
USA,clothingtips,2
USA,contentcreatortips,2
USA,creatortips,2
USA,easyoutfits,2
USA,everydayoutfits,2
USA,explore,2
USA,explorepage,2
USA,fashioncontentcreator,2
USA,fashioninfluencer,2
USA,fashioninfluencers,2
USA,fashionmarketing,2
USA,fashionniche,2
USA,foryou,2
USA,fypage,2
USA,gdwm,2
USA,getdressedwithme,2
USA,glowup,2
USA,levelup,2
USA,ltk,2
USA,marketing,2
USA,mensfashion,2
USA,mensstyle,2
USA,microinfluencertips,2
USA,minimalstyle,2
USA,modestfashion,2
USA,ootdfashion,2
USA,outfit,2
USA,outfitinspiration,2
USA,outfits,2
USA,over50style,2
USA,socialmediagrowth,2
USA,streetfashion,2
USA,stylemistakes,2
USA,summer,2
USA,summerchic,2
USA,summeroutfitinspo,2
USA,summerstyle,2
USA,transition,2
USA,viral,2
USA,13,1
USA,14,1
USA,2025fashiontips,1
USA,3,1
USA,affiliatemarketing,1
USA,affiliatetips,1
USA,affordablefashion,1
USA,age,1
USA,airportoutfit,1
USA,airportstyle,1
USA,amazingoutfits,1
USA,androgynousfashion,1
USA,androgynousstyle,1
USA,artist,1
USA,artistsoftiktok,1
USA,attraction,1
USA,ayllon,1
USA,baggyclothes,1
USA,baggyjeans,1
USA,baggyjeansoutfit,1
USA,basicoutfitideas,1
USA,beautytransformation,1
USA,beginnercontentcreatortips,1
USA,black,1
USA,blackcontentcreators,1
USA,blackfashioninfluencer,1
USA,blackgirlcontentcreator,1
USA,blackgirlmagic,1
USA,blackgirloutfitideas,1
USA,blacktop,1
USA,blockheels,1
USA,blogger,1
USA,blowouthair,1
USA,bodytypes,1
USA,boldandbrave,1
USA,boldstyle,1
USA,brandcollabs,1
USA,branding,1
USA,brandstrategy,1
USA,businessfails,1
USA,businessmistakes,1
USA,businessowner,1
USA,bygisziegiss,1
USA,caitlinjenco,1
USA,capcuttemplates,1
USA,capcuttutorial,1
USA,capsulewardrobe,1
USA,capsulewardrobeideas,1
USA,capsulewardrobestyle,1
USA,capsulewardrobetips,1
USA,casualootd,1
USA,casualoutfitideas,1
USA,challenge,1
USA,chic,1
USA,chictransition,1
USA,christmas,1
USA,clothesbylockerroom,1
USA,clothingbrand,1
USA,clothingbrandtips,1
USA,clothinghaul,1
USA,comfortableoutfit,1
USA,content,1
USA,contentcreatorcoach,1
USA,contentcreators,1
USA,contentcreatorsoftiktok,1
USA,contentideasforsocialmedia,1
USA,contentstrategy,1
USA,coolgirlaesthetic,1
USA,coolgirlstyle,1
USA,createcontent,1
USA,creativedirection,1
USA,creatorinsights,1
USA,creatorjourney,1
USA,creatormonetization,1
USA,cuteootdideas,1
USA,cuteoutfits,1
USA,dailylaughs,1
USA,dailyoutfitideas,1
USA,dailyoutfitinspo,1
USA,daughterstyle,1
USA,digitalagency,1
USA,digitalmarketing,1
USA,digitalmarketingtips,1
USA,dimmysdeluxe,1
USA,dreamlife,1
USA,dressmaking,1
USA,ecommerce,1
USA,ecommercebusiness,1
USA,edgyfashion,1
USA,editingtips,1
USA,editingtutorial,1
USA,editingvideos,1
USA,effortlessstyle,1
USA,elevatedbasics,1
USA,everydayoutfitideas,1
USA,everydaystyle,1
USA,everydaystyleinspo,1
USA,extravagant,1
USA,facecardneverdeclined,1
USA,fallfashion,1
USA,falloutfits,1
USA,familygoals,1
USA,fashion_outfits,1
USA,fashionadvice,1
USA,fashionbrandowner,1
USA,fashionbusinessowner,1
USA,fashionbusinesstips,1
USA,fashionceo,1
USA,fashioncontentcreators,1
USA,fashioncreatortips,1
USA,fashiondesign,1
USA,fashiondesignerinbenincity,1
USA,fashiondesignertips,1
USA,fashionformoms,1
USA,fashionforyou,1
USA,fashiongoals,1
USA,fashioninspoforyou,1
USA,fashionista,1
USA,fashionover40,1
USA,fashionreel,1
USA,fashionreels,1
USA,fashiontipsforwomen,1
USA,fashiontransition,1
USA,fashiontrends,1
USA,fashionvideo,1
USA,fashionvideostutorial,1
USA,femalecontentcreator,1
USA,foryoupageofficiall,1
USA,foryoupagе,1
USA,fromboringtobold,1
USA,ftcelly,1
USA,fulltimecontentcreator,1
USA,funnyvideos,1
USA,fypツ,1
USA,genzstyle,1
USA,getdressed,1
USA,girlyaesthetic,1
USA,girlycasual,1
USA,girlygirl,1
USA,girlystyle,1
USA,glowupchallenge,1
USA,greenscreenvideo,1
USA,growmyaccount,1
USA,growoninstagram,1
USA,holidayclothes,1
USA,holidayoutfits,1
USA,howtobeacontentcreator,1
USA,howtobeaninfluencer,1
USA,howtoedit,1
USA,howtogrowfashionpage,1
USA,howtogrowontiktok,1
USA,howtostyleoutfits,1
USA,humorandfashion,1
USA,influencer,1
USA,influencercontentideas,1
USA,inspireandempower,1
USA,instafashion,1
USA,instagramfashion,1
USA,instagrammodels,1
USA,jenknowsbest,1
USA,jenknowsstyle,1
USA,khaite,1
USA,kibbebodytypes,1
USA,latestoutfits,1
USA,latinagirl,1
USA,layeredoutfits,1
USA,layersonlayers,1
USA,lifestyle,1
USA,littlemix,1
USA,lockerroom,1
USA,lockerroomflashsale,1
USA,loewe,1
USA,luxuryonabudget,1
USA,madeinnigeria,1
USA,maincharacter,1
USA,makeup,1
USA,mary_osemeka,1
USA,masterclass2025,1
USA,matchingoutfits,1
USA,maximalism,1
USA,melbournefashion,1
USA,metgala,1
USA,microinfluencer,1
USA,microinfluencerclub,1
USA,microinfluencerjourney,1
USA,microinfluencertiktok,1
USA,minimal,1
USA,minimalstyledaily,1
USA,minimalstyleinspo,1
USA,minimalstyleoutfit,1
USA,minimeootd,1
USA,mistake,1
USA,mistakes,1
USA,modelgoals,1
USA,modelingjourney,1
USA,modellife,1
USA,modeloffduty,1
USA,modelvibes,1
USA,momanddaughter,1
USA,momlife,1
USA,mommyandmeootd,1
USA,momsoftiktok,1
USA,momsover30,1
USA,momstyle,1
USA,monetize,1
USA,monochromeoutfit,1
USA,mood,1
USA,motfpartner,1
USA,mulesshoes,1
USA,munaalexy,1
USA,mustarddress,1
USA,mymotf,1
USA,myoutfit,1
USA,myoutfits,1
USA,mystyle,1
USA,neutraloutfit,1
USA,neutralstyle,1
USA,nigerianfashionbrand,1
USA,nonbinary,1
USA,nycootd,1
USA,olivedress,1
USA,ootdchallenge,1
USA,ootdpose,1
USA,ootdtips,1
USA,ootdvideo,1
USA,originaldesigns,1
USA,outfitbreakdown,1
USA,outfitchange,1
USA,outfitchangetransition,1
USA,outfitexplained,1
USA,outfitidea,1
USA,outfitinsp,1
USA,outfitmistakes,1
USA,outfitsinspo,1
USA,outfittransformation,1
USA,outfittransitionchallenge,1
USA,outfitvideo,1
USA,over50styleinfluencer,1
USA,oversizedjumpsuit,1
USA,paidtopost,1
USA,pantyline,1
USA,parati,1
USA,parisfashionweek,1
USA,parisianstyle,1
USA,personalbrand,1
USA,personalbranding,1
USA,personalstyle,1
USA,pinterest,1
USA,pinterestaesthetic,1
USA,pinterestoutfit,1
USA,plussizefashion,1
USA,plussizetiktok,1
USA,pretty,1
USA,prlistready,1
USA,quickchange,1
USA,realisticstyle,1
USA,reeltips,1
USA,relatablecontent,1
USA,rewearyourwardrobe,1
USA,sandwichmethod,1
USA,sellyourdesigns,1
USA,sewing,1
USA,sherpajacket,1
USA,shopping,1
USA,shoppinghaul,1
USA,simpleoutfit,1
USA,skirtoverpants,1
USA,smallbiztipstuesday,1
USA,socialengagement,1
USA,socialmedia,1
USA,socialmediacoach,1
USA,stilettoshoes,1
USA,storytime,1
USA,strategy,1
USA,streetstyle,1
USA,streetstylefashion,1
USA,streetstyleinspo,1
USA,streetwearfashion,1
USA,streetwearinspo,1
USA,style,1
USA,styleadvice,1
USA,stylebysa,1
USA,stylecreators,1
USA,styleexpert,1
USA,stylefromscratch,1
USA,stylegoals,1
USA,stylehacks,1
USA,styletiktok,1
USA,styletips,1
USA,styletransformation,1
USA,stylewithme,1
USA,styling,1
USA,stylinghacks,1
USA,stylingideas,1
USA,summerclothes,1
USA,summerclothing,1
USA,summerdresses,1
USA,summerfashioninspo,1
USA,summerhaul,1
USA,summerootd,1
USA,swag,1
USA,tailorgirl,1
USA,takingcontentcreationseriously,1
USA,thecorporatebaddie,1
USA,thriftedootd,1
USA,tiktok,1
USA,tiktokaffiliate,1
USA,tiktokcontent,1
USA,tiktokcontentexpert,1
USA,tiktokglowup,1
USA,tiktokgrowth,1
USA,tiktokoutfits,1
USA,tiktokshop,1
USA,tiktokstrategist,1
USA,tiktokstrategy,1
USA,tiktokstyle,1
USA,tiktoktips,1
USA,timelessstyle,1
USA,tips,1
USA,transformation,1
USA,transformationtuesday,1
USA,traveloutfit,1
USA,trendalert,1
USA,trendingnow,1
USA,trendingvideos,1
USA,trendycasualoutfits,1
USA,trendylook,1
USA,trendylooks,1
USA,twinningwithmom,1
USA,tylerthecreator,1
USA,ugccreator,1
USA,unique,1
USA,uniqueclothing,1
USA,unisex,1
USA,unisexfashion,1
USA,upcominginfluencers,1
USA,urbanchic,1
USA,vacationoutfits,1
USA,vibingbymyself,1
USA,viralcontentldeas,1
USA,viralfashion,1
USA,virallook,1
USA,viraltiktok,1
USA,viralvideo,1
USA,virał,1
USA,watchbutnotlike??,1
USA,wearyourclothesbackwards,1
USA,whattopostontiktok,1
USA,womensfashion,1
USA,xybca,1
USA,xybcafyp,1
USA,xyzbca,1
USA,yapping,1
USA,yellowdress,1
USA,youngtalent,1
USA,yourplugsister,1
USA,yoursopretty,1
USA,zepeto,1
USA,zepetotiktok,1
USA,zept,1
USA,ınstamodel,1
USA,ａｅｓｔｈｅｔｉｃｖｉｂｅｓ,1
