text,keyphrases,is_problem
"みんなのおすすめなTシャツブランド教えて
#street #ootd #outfit #fashion
#cityboy #ストリート#ストリートファッション#シティーボーイ＃メンズライク #夏コーデ＃コーデ紹介 #tシャツコーデ","[('みんなのおすすめなtシャツブランド教えて', 0.7021), ('ストリートファッション', 0.6535), ('tシャツコーデ', 0.6133)]",False
"夏服に迷ってる人必見個人的におすすめのTシャツ6選✨

#ファッション #ストリートファッション #コーデ #夏服 #春服 #おすすめ #ブランド #tシャツ ","[('夏服に迷ってる人必見個人的におすすめのtシャツ6選', 0.8537), ('夏服', 0.6854), ('ストリートファッション', 0.5732)]",True
"とうとう無地Tの季節がやってきましたね！
みなさん好きな無地Tブランドはなんですか！
#ストリートファッション #hiphop #白t ","[('みなさん好きな無地tブランドはなんですか', 0.8022), ('とうとう無地tの季節がやってきましたね', 0.7968), ('ストリートファッション', 0.6397)]",False
綺麗なAラインシルエットが作れるコスパ最強デニムはここ#デニム #バギーデニム #ストリートファッション ,"[('綺麗なaラインシルエットが作れるコスパ最強デニムはここ', 0.8916), ('バギーデニム', 0.7072), ('ストリートファッション', 0.6653)]",False
"ストリートファッション女性編
#ファッション #おしゃれ #cityboy #ストリートファッション #レディースファッション ","[('ストリートファッション女性編', 0.7955), ('ストリートファッション', 0.7232), ('レディースファッション', 0.6734)]",False
"服好き田舎JKのストリート夏コーデ5選!
お気に入りの服集めてコーデ組んでみたよ!
オシャレ初心者なのでお手柔らかに!参考になったら嬉しいです^^
#コーデ紹介 #07 #高校生 #おすすめ #fyp #jk #ファッション #1週間コーデ #コーデ #服 #回転界隈 #田舎 #古着女子 ","[('服好き田舎jkのストリート夏コーデ5選', 0.7622), ('オシャレ初心者なのでお手柔らかに', 0.7093), ('お気に入りの服集めてコーデ組んでみたよ', 0.5867)]",False
"いんすたきてね︎^_^
#09 #バスケ #ストリート#金欠","[('いんすたきてね', 0.6805), ('ストリート', 0.5804), ('金欠', 0.549)]",False
"今SNS で話題になっているベルトが付けれるスウェパンがあるらしいから実際履いてみたんだけどもう履き心地良すぎるし、カラビナも付けれて、何よりバギーシルエットで週7確定

@地底人ONLINE ←このブランド

みんなはもうこのスウェパン買った？
#street #ootd #outfit #fashion #cityboy #ストリート #ストリートファッション #シティーボーイ #メンズライク #夏コーデ #コーデ紹介 #pr ","[('で話題になっているベルトが付けれるスウェパンがあるらしいから実際履いてみたんだけどもう履き心地良すぎるし', 0.6018), ('何よりバギーシルエットで週7確定', 0.5096), ('カラビナも付けれて', 0.506)]",False
#メンズファッション #ストリートファッション #シティーボーイ #かつき ,"[('ストリートファッション', 0.8364), ('メンズファッション', 0.7745), ('シティーボーイ', 0.6752)]",False
"着用しているTシャツの詳細は動画の最後に！

最新情報はInstagramをチェック✨
.
.
.
.
#ストリートファッション #メンズ夏服コーデ #zozotown購入品 #zozotown #夏服コーデ #tシャツコーデ #ストリート系女子 #スト女 #ロゴt ","[('夏服コーデ', 0.6776), ('メンズ夏服コーデ', 0.6726), ('tシャツコーデ', 0.6662)]",False
"オンライン古着屋といえばここでしょ！

#古着 #古着屋 #古着屋SAKASHITA #古着初心者 #ストリート #オンライン古着屋 #三軒茶屋古着屋 #ステューシー #シュプリーム ","[('オンライン古着屋といえばここでしょ', 0.7556), ('古着屋sakashita', 0.7529), ('オンライン古着屋', 0.7473)]",False
"一軍入り確定最強ジップパーカー14選
#ストリート #ストリートコーデ #ストリート系男子 #ストリート系女子 #パーカー #春服 #春コーデ #ジップパーカー #メンズライク #ootd #wshot ","[('一軍入り確定最強ジップパーカー14選', 0.7423), ('ストリート系男子', 0.5733), ('ジップパーカー', 0.5438)]",False
"\あの3点セットアップがついに登場/

4/18(金)12:00~ZOZOTOWNにて発売開始となる
コスパ最強セットアップの紹介です！！

かなり人気なアイテムになりますので、
気になった方は要チェックです！！
#zozo #zozotown 
#メンズコーデ #メンズファッション 
#astronomy #キレイめコーデ #セットアップ ","[('あの3点セットアップがついに登場', 0.6503), ('コスパ最強セットアップの紹介です', 0.6461), ('かなり人気なアイテムになりますので', 0.5934)]",False
"これやっちゃってません？？
最近、街中で見ること増えたちょいダサめのコーデ。

デニムがトレンドになって、普段履かない人が履く時はこの３つだけは気にして合わせてね！！

①カジュアルシャツと合わせる。
②オールブラックでかっこよく。
③ヴィンテージ風Tシャツで男っぽく！

これさえすれば、よくいるダサコーデにはならないから、気にして夏は過ごしていきましょう✌️

#夏コーデ #メンズファッション #垢抜け男子 #メンズ垢抜け ","[('③ヴィンテージ風tシャツで男っぽく', 0.7416), ('普段履かない人が履く時はこの３つだけは気にして合わせてね', 0.5691), ('垢抜け男子', 0.5563)]",False
"UNIQLOでバズってたヘンリーネックTから半袖出たらしい

#UNIQLO #ユニクロ #夏服 #夏ファッション #ヘンリーネック #fyp #おすすめにのりたい #メンズファッション #着回しコーデ #lookbook ","[('夏ファッション', 0.6567), ('uniqloでバズってたヘンリーネックtから半袖出たらしい', 0.6331), ('着回しコーデ', 0.5939)]",False
"もうすぐ子供達の夏休みが始まりますねお出かけの準備できてる？
#着回し#メンズカジュアル #メンズカジュアルコーデ #メンズファッション #メンズコーデ #30代ファッション ","[('もうすぐ子供達の夏休みが始まりますねお出かけの準備できてる', 0.8861), ('メンズカジュアルコーデ', 0.5755), ('メンズファッション', 0.5272)]",False
韓国 #韓国コーデ #kpop #モテたい #かっこいい #ストリートファッション #koreanfashion #モテ男 #イケメン男子 #ストリートファッション #ストリートコーデ #モテ男 #イケメン男子  #韓国 #かんこくすきなひとと繋がりたい #韓国通販 #韓国購入品 #韓国トレンド #ストリート #コーデ #韓国好き ,"[('韓国コーデ', 0.616), ('韓国トレンド', 0.5953), ('韓国好き', 0.5912)]",False
"テテ　から学ぶ　
夏服4選　
#テテ #夏コーデ  #ootd ","[('夏コーデ', 0.7334), ('夏服4選', 0.68), ('テテ', 0.5047)]",False
#オーバーサイズ #コーデ #メンズファッション #ビッグサイズ #スタイリング,"[('スタイリング', 0.7285), ('メンズファッション', 0.6897), ('ビッグサイズ', 0.6416)]",False
"プチプラ服でモノトーンコーデ
@ユニクロ【公式】 #UNIQLO #ユニクロ #モノトーンコーデ #大人コーデ #メンズファッション ","[('プチプラ服でモノトーンコーデ', 0.7826), ('モノトーンコーデ', 0.661), ('メンズファッション', 0.5979)]",False
@うまに返信 カジュアルなタックインがカッコよくなる方法、俺が教えたろ。　#メンズコーデ　#メンズファッション,"[('カジュアルなタックインがカッコよくなる方法', 0.7923), ('メンズファッション', 0.7074), ('メンズコーデ', 0.6699)]",False
女子からデートに誘われるモテる男子の着こなし4選。#モテたい男子必見 #韓国男子 #メンズファッションコーデ #デート服メンズ ,"[('女子からデートに誘われるモテる男子の着こなし4選', 0.891), ('モテたい男子必見', 0.776), ('韓国男子', 0.6492)]",False
イケオジ40代コーデ#メンズファッション#40代#イケオジ#ユニクロ ,"[('イケオジ40代コーデ', 0.8859), ('イケオジ', 0.674), ('メンズファッション', 0.6699)]",False
"GUでこの夏活躍する最強服見つけたので紹介します！！✨️
┈┈┈┈┈┈┈┈┈┈┈┈┈┈
#gu#guコーデ #着回しコーデ #メンズファッション #プチプラ ","[('guでこの夏活躍する最強服見つけたので紹介します', 0.83), ('着回しコーデ', 0.6602), ('guコーデ', 0.5975)]",False
"2025年夏！今絶対に買うべきパンツを知ってますか？？？
#fashion #ファッション #ストリートシック #ノームコア #おすすめ ","[('2025年夏', 0.6279), ('今絶対に買うべきパンツを知ってますか', 0.5635), ('ファッション', 0.4821)]",False
急に30℃超えだしたけど、今なら夏の準備まだ間に合うから参考にしてねーーー！！！！☀️ #夏コーデ #1週間コーデ #カジュアルコーデ ,"[('今なら夏の準備まだ間に合うから参考にしてねーーー', 0.8575), ('夏コーデ', 0.674), ('1週間コーデ', 0.6329)]",False
"【今日何着てますか？】
渋谷でファッションインタビュー！
#ファッション解説 #ブランド解説 ","[('渋谷でファッションインタビュー', 0.8453), ('ファッション解説', 0.7765), ('今日何着てますか', 0.7037)]",False
"韓国カジュアルなGRLOOK1week໒꒱
ジンくんのライブ行けることになって幸せ-꒰∪´ɞ̴̶̷ ·̫ ɞ̴̶̷ ꒱♡#grl #grlコーデ #grl購入品 #グレイル #おすすめ #インスタ #一重女子 #コーデ紹介 #韓国ファッション #骨格ウェーブ #夏コーデ #デニムコーデ #スニーカー女子 ","[('ジンくんのライブ行けることになって幸せ', 0.7302), ('韓国ファッション', 0.6722), ('韓国カジュアルなgrlook1week໒', 0.5735)]",False
"【みんな持ってるチェックシャツ簡単アレンジ3選】
長袖のチェックシャツは
これからの時期もまだまだ使える！！
私がオススメするアレンジ方法3選◎
よかったら保存して試してみてね
.
.
.
.
.
@WEGO公式 
#夏コーデ #夏服コーデ #howto #howto動画 #アレンジ動画 #アレンジ #チェックシャツ #シャツ #シャツコーデ #デニム #タンクトップ #デニムパンツ #バレルレッグ #スニーカー女子 #カジュアルコーデ #アラサーファッション #アラサー女子 #カジュアルファッション #レイヤーカット #大人カジュアル #大人カジュアルコーデ #大人女子 #ショートヘア #スニーカーコーデ #骨格ウェーブコーデ #アラサーコーデ #シンプルコーデ #160cm #160cmコーデ #wego_ootd","[('アレンジ', 0.301), ('アレンジ動画', 0.296), ('バレルレッグ', 0.2912)]",False
何曜日が好みかコメントで教えてꔛ#骨格ウェーブ #低身長 #低身長コーデ #ギャルコーデ #ファッション #ootd #冬コーデ #毎日ファッション #fyp #毎日更新 #1週間コーデ #デニムコーデ ,"[('何曜日が好みかコメントで教えてꔛ', 0.757), ('毎日ファッション', 0.698), ('デニムコーデ', 0.695)]",False
"＼今日好き発✨ナチュかわ最強女子／
平松想乃の春夏コーデ10選

ナチュラルでリアルにマネしたくなる

今日好き出身・平松想乃ちゃんの春夏コーデ10選をまとめました

✔︎ 淡色×ゆるシルエットが圧倒的かわいさ

✔︎ ワンピ・ミニスカ・オーバーサイズの神バランス

✔︎ 女子が憧れる“雰囲気モテ”の代表格

「◯枚目、ガチで彼女感強すぎ…」

「この服装、絶対流行る」
って思ったLOOK、コメントで番号教えてね

ブランド知りたい人も気軽に聞いてください✨
@平松想乃／ひらまつその 
#ootd #outfit #平松想乃 ","[('平松想乃の春夏コーデ10選', 0.5205), ('平松想乃ちゃんの春夏コーデ10選をまとめました', 0.4846), ('平松想乃', 0.4733)]",False
本当は教えたくないんだけど...#y2kファッション #y2kコーデ ,"[('y2kファッション', 0.7529), ('y2kコーデ', 0.7489), ('本当は教えたくないんだけど', 0.7332)]",False
"GRLでできる✨韓国カジュアルコーデ

みんなはどれが好き？

#grl #韓国ファッション #韓国カジュアル ","[('韓国カジュアルコーデ', 0.8429), ('韓国カジュアル', 0.8035), ('韓国ファッション', 0.7388)]",False
ルセラのみんなが履いてるようなこういうパンツ欲しくない!?#ルセラ#ルセラフィム#y2kファッション #y2kコーデ ,"[('ルセラのみんなが履いてるようなこういうパンツ欲しくない', 0.8017), ('ルセラフィム', 0.7379), ('y2kファッション', 0.5947)]",False
こういうコーデ好きな人集まれ〜!!#韓国ファッション #韓国コーデ#y2kコーデ#y2kファッション ,"[('韓国ファッション', 0.7821), ('韓国コーデ', 0.7789), ('こういうコーデ好きな人集まれ', 0.723)]",False
夏コーデまとめ気になるのはありますか？#カジュアルコーデ #春夏コーデ #夏服 #韓国ファッション #毎日コーデ #私服 #可愛い女の子 #おすすめ #コーデ #高身長コーデ #ootd ,"[('夏コーデまとめ気になるのはありますか', 0.8055), ('春夏コーデ', 0.7575), ('夏服', 0.6898)]",False
デニムをいっぱい使ってコーデ組みました❗️参考になれたらうれしいです#SHEIN #夏服 #夏服コーデ #コーディネート #韓国#ファッション#リクエスト #08 ,"[('デニムをいっぱい使ってコーデ組みました', 0.7339), ('夏服コーデ', 0.6748), ('参考になれたらうれしいです', 0.6448)]",False
"プチプラ可愛いを集めました

#韓国ブランド
#プチプラブランド 
#韓国ファッション 
@60% - SIXTYPERCENT ","[('プチプラブランド', 0.7226), ('韓国ブランド', 0.7175), ('韓国ファッション', 0.7096)]",False
本当は教えたくないサイトばっかり1万円以下で抑えられるから学生でも買いやすい!!#韓国ファッション #プチプラ #韓国ブランド紹介 #韓国通販 #韓国ストリート #おすすめ ,"[('韓国ブランド紹介', 0.7517), ('韓国ファッション', 0.729), ('本当は教えたくないサイトばっかり1万円以下で抑えられるから学生でも買いやすい', 0.7058)]",False
"久々すぎる投稿
引越し準備ギリギリすぎて、私のJは偽物だって痛感したんだけど、改めてみんなの好きなmbtiとその理由聞きたくなった‼︎
.
.
#低身長コーデ #骨格ウェーブ #150cmコーデ #夏コーデ #grl購入品 #zozotown #1週間コーデ #韓国ガーリー ","[('引越し準備ギリギリすぎて', 0.7373), ('韓国ガーリー', 0.6637), ('久々すぎる投稿', 0.6346)]",False
"韓国のadidasが可愛すぎた
明洞、江南、現代ソウル店巡ってきたよ〜！
店舗によって置いてある商品、在庫状況全然違うから何店舗かいくのおすすめだよ
みんなは狙ってるアイテムある?

#韓国旅行#渡韓vlog#韓国adidas#adidas#女子旅#韓国ファッション ","[('韓国のadidasが可愛すぎた', 0.6914), ('韓国adidas', 0.6355), ('韓国ファッション', 0.6257)]",False
"マジで教えたくなかった
韓国ストリートブランド

#おすすめ #保存 #韓国 #fashion ","[('韓国ストリートブランド', 0.7889), ('マジで教えたくなかった', 0.7106), ('韓国', 0.557)]",False
"脚を出さない夏コーデです
みなさん参考にしてくださいね
#韓国女子 #韓国ファッション #夏コーデ ","[('脚を出さない夏コーデです', 0.8428), ('夏コーデ', 0.6804), ('みなさん参考にしてくださいね', 0.6328)]",False
"着れば韓国アイドルなれるかも、、

#ダンス #ダンサー #ダンサー女子 #ダンサーファッション #ダンスファッション #ダンスコーデ #衣装 #ダンス衣装 #ダンス女子 #韓国 #韓国ファッション #韓国ストリート #韓国ストリートファッション #韓国ストリートコーデ #韓国ストリート通販 #ファッション通販 #通販サイト #通販サイトおすすめ #ダンスファッション通販 #スウェットコーデ ","[('韓国ストリートファッション', 0.6273), ('韓国ストリートコーデ', 0.5996), ('韓国ストリート', 0.5891)]",False
男女ウケどっちも良さそうなおすすめブランド✍#おすすめ #きれいめカジュアル #大人カジュアル #シンプルコーデ #骨スト #低身長コーデ #骨格ストレート #デートコーデ #夏コーデ ,"[('男女ウケどっちも良さそうなおすすめブランド', 0.7896), ('夏コーデ', 0.5937), ('低身長コーデ', 0.5262)]",False
夏もやっぱりチェックシャツが気分~#カジュアルコーデ #シャツコーデ #毎日ファッション #おすすめ #fyp #夏服 #韓国コーデ ,"[('夏もやっぱりチェックシャツが気分', 0.8298), ('カジュアルコーデ', 0.6503), ('毎日ファッション', 0.6454)]",False
"こんな細く見えるTシャツに出会ったの初めてですわい
#CPCM #夏コーデ #カジュアルコーデ ","[('こんな細く見えるtシャツに出会ったの初めてですわい', 0.8696), ('カジュアルコーデ', 0.7139), ('夏コーデ', 0.688)]",False
"夏の定番コーデだけどそのままだと垢抜けない！

#croisiere #クロジエール #大人カジュアル #甘めカジュアル #綺麗めカジュアル #カジュアルコーデ #垢抜けコーデ #淡色コーデ #デニムコーデ #ワイドデニム #ワイドパンツ #シアーシャツ #体型カバー #着痩せコーデ #tシャツコーデ #158cmコーデ #ブルベ夏 #骨格ストレート ","[('夏の定番コーデだけどそのままだと垢抜けない', 0.6403), ('ブルベ夏', 0.5808), ('カジュアルコーデ', 0.5288)]",False
"大バズり中の""大人オールインワン""❤️

楽ちんだしベタつかないし、なにより可愛い✨

ぜひチェックして〜♡

#プチプラコーデ #大人カジュアル #大人女子 #夏コーデ ","[('大人オールインワン', 0.7647), ('なにより可愛い', 0.6113), ('大バズり中の', 0.5515)]",False
"ユニクロTシャツ紹介【大バズり中】1500円とコスパ最強！種類がたくさん！

この夏のみんなの味方！
ユニクロTシャツが今年もすごい！コスパ最強・カラーも豊富

限定価格で販売もしてるからぜひ店頭やwebでチェックしてみてね

@ユニクロ【公式】 

#ユニクロ #uniqlo #tシャツ #プチプラ　#カジュアルコーデ ","[('ユニクロtシャツが今年もすごい', 0.6525), ('この夏のみんなの味方', 0.6291), ('1500円とコスパ最強', 0.6186)]",False
"人気のTシャツ‎

サイズ選びって難しくない？？
ラインを隠すために大きめを選ぶのか、
スッキリ見えるように小さめ選ぶのか、、
そんなサイズ選びに悩んだ時は
これを参考にして

服は着方が大事◎
誰が着ても似合うように
着こなしをお伝えできるように頑張ります

＼着用しているアイテムの見方／
プロフィールのリンクを開く
↓
スクロールするとコーデが沢山でてくるから気になってるものを開いてね‎

コメントでも気軽に聞いてください‍♀️✨️

#discoat #大人カジュアル #大人カジュアルコーデ #夏コーデ #着痩せコーデ #着回しコーデ #スカート","[('スッキリ見えるように小さめ選ぶのか', 0.2122), ('サイズ選びって難しくない', 0.206), ('スクロールするとコーデが沢山でてくるから気になってるものを開いてね', 0.1644)]",False
"マネキンコーデ着てみた‍♀️✨️

いつもはモデルコーデやけどマネキン着てみた◎
マネキンで見たら可愛いけど着たら
私にはバランスが、、って言うことない？？
良かったら参考にしてね❣️

デニムだけL履いてるけど
他は全てMサイズです◎

-----------コーデの見方----------

プロフィールのリンクを開く
↓
ブログをタップ(開いたページを少しスクロールすると出てくるよ)
↓

タイトルは
★第1弾★モデルさんのコーデ着てみた！
↓
ここから買い物ができるよ！

#discoat #大人カジュアル #大人カジュアルコーデ #着痩せコーデ #夏コーデ ","[('マネキンで見たら可愛いけど着たら', 0.4943), ('モデルさんのコーデ着てみた', 0.3649), ('ここから買い物ができるよ', 0.3612)]",False
"お洒落な先輩とご飯の時はいつもより気合いが入る✊

#夏コーデ #夏ファッション #summeroutfit #骨格ウェーブ #骨格ストレート #ZOZOTOWN #GRL#垢抜け#夏服#155cm","[('夏コーデ', 0.6501), ('夏服', 0.6372), ('夏ファッション', 0.5876)]",False
"ZARAで買ったデート服3選 

#CapCut #ZARA購入品 #今日のコーデ #zara購入品#zaraコーデ#プチプラコーデ#コーディネー#ootd#着回しコーデ#zaraしか勝たん#おすすめ","[('zaraで買ったデート服3選', 0.7275), ('zaraコーデ', 0.6877), ('zaraしか勝たん', 0.6402)]",False
"ZARA 【夏服紹介 2025】part2 
大人かわいい・お姉さんコーデ

ZARAの新作が可愛すぎる！ノースリーブからワンピースまで！

みんなもチェックしてみて！
@ZARA 

#ザラ #zara #夏コーデ #大人可愛い ","[('zaraの新作が可愛すぎる', 0.6435), ('夏服紹介', 0.6129), ('夏コーデ', 0.5897)]",False
"ZARAのセール本日（6月26日）からスタート‼️
可愛すぎるトップスゲットした
みんなもZARAにダッシュー‼️

#ZARA #セール #夏服 #夏コーデ #韓国コーデ #カジュアルコーデ #outfit #fashiontok #ootd #おすすめ #fyp ","[('zaraのセール本日', 0.6913), ('夏コーデ', 0.6047), ('カジュアルコーデ', 0.5507)]",False
"着痩せ命の骨スト✊ZARAセール購入品3点着てみた❣️どれが好きですか〜？

#zara#zaraコーデ#骨ストコーデ #olコーデ #きれいめコーデ #オフィスカジュアル #オフィスコーデ","[('zaraコーデ', 0.7316), ('オフィスコーデ', 0.6841), ('olコーデ', 0.679)]",False
"#zara で大当たりだったベストコーデ4つ
⠀ ⠀ ⠀
⠀ ⠀ ⠀
#zara購入品 #春コーデ #骨格ストレート ","[('で大当たりだったベストコーデ4つ', 0.7715), ('骨格ストレート', 0.6897), ('zara購入品', 0.5302)]",False
今年のZARA無双してる。,"[('今年のzara無双してる', 0.9885)]",False
"ZARA 【夏服紹介2025】
大人気シリーズ第3弾！ワンピース〜ニットトップまで紹介！
　
夏のお出かけやデートに！

ZARAの夏服は種類ありすぎて困る！という方に！
ぜひ参考にしてみてね

@ZARA 

#ザラ #zara #夏服 #大人可愛い #夏コーデ ","[('zaraの夏服は種類ありすぎて困る', 0.777), ('夏服紹介2025', 0.7433), ('夏服', 0.6745)]",True
"お久しぶりにZARAで買い物した
#ぽっちゃり #ぽっちゃり女子 #プチプラ #プチプラファッション #ぽっちゃりコーデ #zara #zaraコーデ #zara購入品 ","[('お久しぶりにzaraで買い物した', 0.659), ('プチプラファッション', 0.6053), ('zara購入品', 0.6046)]",False
ZARA購入品‎私も二の腕コンプだけどこのワンピースなら細見え確実#zara #春服#綺麗めコーデ #女子大生#骨スト ,"[('私も二の腕コンプだけどこのワンピースなら細見え確実', 0.7583), ('zara購入品', 0.6324), ('綺麗めコーデ', 0.5954)]",False
"このジャケット可愛い

ジャケットで大人カジュアルコーデ

@ZARA 

️フラップクロップドジャケット

#zara #zaraコーデ #ザラ #zara購入品 #ジャケットコーデ #冬コーデ #デニムコーデ #おすすめ #ootd #fashion ","[('ジャケットコーデ', 0.7202), ('このジャケット可愛い', 0.7114), ('ジャケットで大人カジュアルコーデ', 0.6947)]",False
"またしてもザラパトロールモードでかっこよく着こなせるお洋服多かった！大人のディナーデートの服を探してる人必見

#zaraコーデ #ザラ #zara新作#おすすめにのりたい #おすすめコーデ #秋コーデ先取り #秋服コーデ #秋服ファッション #秋服紹介 #コーデ紹介 #シンプルコーデ #fyp #zaraoutfit #zaranewin #ザラジョ #ザラジョコーデ #海外ファッション #海外コーデ #海外女子 #アラサーコーデ ","[('zaraコーデ', 0.4969), ('秋服コーデ', 0.4698), ('秋コーデ先取り', 0.4467)]",False
"ZARA SALE購入品️
2025 サマーセール
店舗で購入してきたよ、店舗よりオンラインのほうがいいのあるきがする
2日目にして、小さいサイズは売り切れ多かった
オンラインでまたお買い物しようと、日々カートに追加中

#ザラセール#zarahaul#ザラ購入品#zaraoutfit#サマーセール#プチプラコーデ  ","[('sale購入品', 0.4933), ('ザラ購入品', 0.4795), ('ザラセール', 0.4662)]",False
簡単お洒落にシャツを着るコツ真似しやすいので是非参考にしてみてください#シャツコーデ #シャツアレンジ #インすら方法#低身長#骨格ストレート,"[('簡単お洒落にシャツを着るコツ真似しやすいので是非参考にしてみてください', 0.8845), ('シャツコーデ', 0.7067), ('シャツアレンジ', 0.6871)]",False
どのタイプが好き?#dazzlin #ファッション #夏コーデ #骨格ストレート,"[('どのタイプが好き', 0.7969), ('骨格ストレート', 0.7308), ('ファッション', 0.6041)]",False
"【#40代オシャレの教科書 】

おばさんに見えてしまう夏服3選‍♀️

#sawaalamode #サワアラモード #40代コーデ #40代 #40代ファッション #オバコーデ#脱オバ#おば見え ","[('40代オシャレの教科書', 0.725), ('40代ファッション', 0.6028), ('おばさんに見えてしまう夏服3選', 0.5908)]",False
"色んな系統のコーデがしたい子の参考になるといいな

#多系統 #多系統コーデ  #毎日コーデ  #参考コーデ 
#海外ファッション #韓国ファッション #海外スタイル #ガーリーコーデ #メンズライク #綺麗めカジュアル #ミニボブ #ミニボブアレンジ #ママコーデ #デートコーデ #大人っぽコーデ #ストリートファッション #韓スト ","[('ストリートファッション', 0.6189), ('デートコーデ', 0.5874), ('ガーリーコーデ', 0.5827)]",False
"ベルトって大事ですよね
シンプルコーデが多い方にはとってもおすすめなリバーシブルベルト✨
めちゃめちゃ使えます...‍↕️
#大人カジュアル #秋コーデ #骨格ウェーブ #ベルト ","[('ベルトって大事ですよね', 0.8384), ('シンプルコーデが多い方にはとってもおすすめなリバーシブルベルト', 0.6924), ('ベルト', 0.6535)]",False
"夏の垢抜けコーデ３選！
#大人カジュアル #アラサー女子 #着回しコーデ #きれいめカジュアル ","[('夏の垢抜けコーデ３選', 0.736), ('アラサー女子', 0.6459), ('きれいめカジュアル', 0.626)]",False
"簡単そうで何だか垢抜けない、シャツの着方

#globalwork #グローバルワーク #ママコーデ #ママファッション #ママスタッフ #スタッフコーデ  #主婦コーデ #30代コーデ #アラフォーコーデ #40代コーデ  #大人可愛いコーデ #小学生ママ #着痩せコーデ #着痩せテク #着痩せ #体型カバーコーデ  #運動会コーデ #公園コーデ #着回したコーデ #着回し術 #シャツコーデ #垢抜けコーデ #シャツの着方","[('公園コーデ', 0.5829), ('シャツコーデ', 0.5608), ('体型カバーコーデ', 0.5594)]",False
"こんなコーデはどう？
#キャミワンピ #キャミワンピース #シアートップス #低身長コーデ ","[('キャミワンピース', 0.801), ('こんなコーデはどう', 0.7705), ('低身長コーデ', 0.7299)]",False
"【今1番売れてるジャケット☝️】

発売してすぐに完売したカラーも！
WEB限定の大人気ジャケット！

全色着回してみました〜！！

二の腕と腰回りをカバーしてくれて
メッシュ素材だから夏でも着れるジャケット！

ボタンがないのでシャツ感覚で着れる

使いやすいカラー展開なので
どの色を購入しても間違いなし！

是非チェックしてみてください〜

#大人カジュアル #アラサー女子 #骨格ウェーブ #着回しコーデ #着回し#夏コーデ","[('メッシュ素材だから夏でも着れるジャケット', 0.6466), ('web限定の大人気ジャケット', 0.6123), ('今1番売れてるジャケット', 0.5502)]",False
"【このまま着ちゃうと、、、】

①デニムジャケット
¥20.900（税込）

②メランジルーズニット
¥14,300（税込）

③シアースラブオーバージャケット
¥28,600（税込）

ベースアイテムは
⚪️2WAYリブタンクワンピース
¥14,300（税込）

春夏ワンピース着たいけど
袖がないものも多いし
袖あっても二の腕がパンパンになったり、、
いつも同じもの着てると思われるのもいやだし
なんかいいのないかなぁ、、

って、思ったことありませんか？？？

私は思います(笑)
タンクワンピースをそのまま着るのは抵抗あるけど
他のアイテムと合わせることで
痩せ見えまできるなら
どうせ一枚ではワンピースを着られない身としては
相性の良いアイテムがあるならそれとセットで
用意しておきたい！！！！！

暑さは急にやって来ます
急に暑くて着る物がない！！！なんてことにならないように
人気のアイテムはお早めにゲットしてくださいね✌︎

#骨格ストレート#低身長#ぽっちゃり","[('いつも同じもの着てると思われるのもいやだし', 0.2019), ('相性の良いアイテムがあるならそれとセットで', 0.1939), ('人気のアイテムはお早めにゲットしてくださいね', 0.1886)]",False
#るだけで痩せる服、教えます#cenea #zozo #zozotown #ファッション #コーデ #夏コーデ #プチプラ #骨格ストレート #骨格ウェーブ #lookbook #ootd,"[('骨格ウェーブ', 0.586), ('骨格ストレート', 0.5664), ('るだけで痩せる服', 0.5217)]",False
"cocaで夏コーデ
#アラフィフ #アラフィフママ ","[('cocaで夏コーデ', 0.8235), ('アラフィフママ', 0.6992), ('アラフィフ', 0.6115)]",False
"ZOZOTOWNでオープンした「mipiarl」プチプラなのに可愛すぎる。

#プチプラコーデ #ZOZOTOWN #zozotown購入品 #着回し #デートコーデ #着回しコーデ #モテコーデ ","[('zozotownでオープンした', 0.7963), ('zozotown購入品', 0.6666), ('プチプラなのに可愛すぎる', 0.627)]",False
この組み合わせしたらセンス良くなれます！✨#メンズファッション #プチプラ #お洒落コーデ #モテコーデ #春コーデ ,"[('この組み合わせしたらセンス良くなれます', 0.6787), ('メンズファッション', 0.6724), ('春コーデ', 0.6271)]",False
"お団子にスキニーと合わせてブラックコーデ、綺麗でカジュアルなコーディネートにした

下に長めのTOPS着てレイヤーコーデもおすすめ

COCA ギャザードジャケット ¥2,990
.
.
#coca#cocaコーデ#プチプラコーデ#カジュアルコーデ#春コーデ#春アウター#入学式コーデ#ママコーデ#大人可愛いコーデ#お団子ヘア#marryme#結婚#ブラウスコーデ ","[('cocaコーデ', 0.576), ('大人可愛いコーデ', 0.5408), ('お団子にスキニーと合わせてブラックコーデ', 0.5058)]",False
"前後2wayで楽しめるプチプラブラウス♡
@ClassicalElf  クラシカルエルフ 
#zozotown購入品 #プチプラコーデおすすめ #春ファッション #春コーディネート #プチプラコーデ #classicalelf #プチプラファッション #春服 #ママコーデ #milybilet #ミウィビレット ","[('プチプラコーデおすすめ', 0.6929), ('春ファッション', 0.6785), ('前後2wayで楽しめるプチプラブラウス', 0.6706)]",False
夏服迷ったら参考にしてねお洋服の質問はコメント欄へ、#プチプラコーデ#低身長コーデ#夏コーデ,"[('夏服迷ったら参考にしてねお洋服の質問はコメント欄へ', 0.8423), ('夏コーデ', 0.7267), ('低身長コーデ', 0.6365)]",False
GU着回し編#夏 #夏コーデ #ファッション #レディースファッション #メイク #プチプラコーデ #GU #コーディネート夏 #フォローお願いします,"[('夏コーデ', 0.6898), ('コーディネート夏', 0.6711), ('プチプラコーデ', 0.5657)]",False
"\\ 全て新品❣️100円(税込110円)で販売中 //

お洋服がこんな破格で買えるお店知ってますか？
カラーズでは、最安値税込110円にて
洋服販売をしております（＾＾）❗️
なかなか他にこんなお店ないですよね…

ぜひお気軽に遊びに来てください

※紹介した商品は数量限定の為、
売り切れの場合はご了承ください

Colors の場所↓
他にも関西、関東たくさん店舗があります
トップのHPからお店の場所をCHECK

""Peace You Live (ピースユーライブ)""というアプリからも購入可能です！
欲しい商品をInstagramのDMにお送りいただきましたら
アプリ上にその商品を出品しますので、
お買い上げいただける仕組みになっています️

*.·┈┈┈┈ *.·

#プチプラ#プチプラファッション#セール情報#セール品#破格#激安コーデ#安すぎ#服#雑貨#小物#キャクター#戦利品#目玉商品#大阪#安すぎ#便利#100円#秋服#y2k#30代ファッション#40代コーデ#50代","[('最安値税込110円にて', 0.2819), ('ぜひお気軽に遊びに来てください', 0.2581), ('他にも関西', 0.2369)]",False
"【UNIQLO】新作夏服コーデ４選
使用したお洋服はコメント欄のリンクからどうぞ！
*
*
今年のUNIQLO新作はますます優秀◎着回し抜群＆綺麗めコーデからカジュアルコーデまで！
*
*
【リクエスト受付中】
☑️このブランドでコーデ組んで欲しい
☑️このシチュエーションのコーデ組んで欲しい
などなど、リクエスト受け付けてます
*
*#UNIQLO #ユニクロ #ユニクロコーデ　#ユニクロ購入品　#ユニクロ新作  #夏服 #夏服コーデ  #dailyコーデ　　","[('新作夏服コーデ４選', 0.6606), ('リクエスト受け付けてます', 0.5726), ('夏服コーデ', 0.5603)]",False
"⏩@balabo_style_40⏪他の投稿も見てみる

みんな大好きcoca♡
お店に入ったときのワクワク感がたまんないよね♪
他にも可愛いのたくさんあって本当はぜ〜んぶ持って帰りたい♡

ご質問あればコメントお待ちしてます♡

－－－－－－－－－－－－－－－－－－－－－
⏩@balabo_style_40
あやの / 40歳 / 160㎝ / 49㎏ 
☆バランスボールインストラクター
（一社）体力メンテナンス協会

なんかモヤモヤするなぁ〜。
最近すぐ疲れるなぁ〜。
と思った時におすすめの有酸素運動♪

名古屋市名東区にてレッスン中♪

全国にも面白インストラクターがたくさんいます♡
ぜひ試してみてください♡

#coca #プチプラ #cocawithme #大人カジュアル #アラフォーコーデ #40代コーデ #uniqlo #ユニクロ購入品 
#バランスボールインストラクター ","[('名古屋市名東区にてレッスン中', 0.3213), ('coca', 0.3097), ('cocawithme', 0.2875)]",False
"今回は皆さんに共有したい⸝⸝⸝⸝‪ෆ と思う
アイテムをGUさんからいただきました·͜· ︎︎✧*｡
‎ ꕀ┈⋯ꕀ┈⋯ꕀ┈⋯ꕀ┈⋯ꕀ┈ꕀ┈⋯
┈┈┈┈┈┈┈┈┈┈┈┈┈┈┈┈┈┈
\ 990円tops復活 /
@gu_for_all_

これからのシーンズに活躍する ᕷ
GU のトレンド感たっぷりのtops

汗が気になる日はシアー系おすすめ

①，②も、涼しい素材感だったので快適に過ごせるだろうなぁ

アイテム ‪‪ ❥ ´-
① シャーリングT
② テクスチャークロップドカーディガン
③ シアーT
④ シアープリントT

164cm: 着用サイズM
┈┈┈┈┈┈┈┈┈┈┈┈┈┈┈┈┈┈
‎ ꕀ┈⋯ꕀ┈⋯ꕀ┈⋯ꕀ┈⋯ꕀ┈ꕀ┈⋯
990円TOPSは、この他にもバリエーション豊富♥️
ぜひチェックしてみてください✨️

.
.
.

#PR #GU
#シャーリング #テクスチャー #シアー
#990TOPS #990スタイリングチャレンジ","[('990円tops復活', 0.3091), ('990円topsは', 0.3024), ('のトレンド感たっぷりのtops', 0.2633)]",False
彼とディナーデートにいく日のコーデ#GRL#グレイル#grl購入品#grlコーデ#ディナーデート #ディナーコーデ#女子会コーデ#女子会コーデ#コート#アウター#プチプラコーデ#冬コーデ#ファッション#綺麗めコーデ#コーデ#レディースファッション#おすすめ#fyp,"[('女子会コーデ', 0.6629), ('ディナーコーデ', 0.6514), ('彼とディナーデートにいく日のコーデ', 0.6505)]",False
"さっと着ても可愛いGU購入品
@【公式】GU (ジーユー) 
@gu_for_all_ 

️リネンブレンドバックオープンワンピース
160cm／Mサイズ購入

丈はくるぶしより上で
長さもう少し欲しいなと思ったけど、
綺麗に着れるサイズにしたよ

#gu #ジーユー #今日のコーデ #今日の服","[('長さもう少し欲しいなと思ったけど', 0.6609), ('さっと着ても可愛いgu購入品', 0.6555), ('丈はくるぶしより上で', 0.5719)]",False
"いきなり暑くなるの無理❗️
#ちびりおコーデ #コーデ紹介 #春コーデ2023 #夏コーデ #モノトーンコーデ #気温別コーデ #オールインワン #サロペットコーデ #低身長コーデ #foryou #fyp ","[('ちびりおコーデ', 0.6438), ('サロペットコーデ', 0.6325), ('気温別コーデ', 0.6099)]",False
"♡シアーシャツを使った江ノ島デートコーデ♡

結局どのコーデのウケがいいんだろ？

️シアードロストオーバーシャツ
サイズ▶︎3L、4L
カラー▶︎オレンジ、ミント、ブルー
¥5995(taxin)

6/12(wed)18:00 coming soon...

@あいまるプラスサイズモデル 158cm 4L着用
(B/122 W/105 H/134)

Louiosy ルオシー
ぽっちゃりさんにお届けするトレンドフェミニンコーデ

directed by あいまる 

#ぽっちゃり #ぽっちゃりコーデ #大きいサイズ #夏コーデ #着回しコーデ ","[('シアーシャツを使った江ノ島デートコーデ', 0.6288), ('夏コーデ', 0.547), ('ぽっちゃりさんにお届けするトレンドフェミニンコーデ', 0.539)]",False
"これからの季節も大活躍の透け感のあるピンクストライプシャツ✨
#垢抜け #骨格ウェーブ #カジュアル #自然界隈 #zozotown ","[('これからの季節も大活躍の透け感のあるピンクストライプシャツ', 0.7897), ('骨格ウェーブ', 0.6506), ('垢抜け', 0.564)]",False
今日何着るか迷った時に参考にしてみてね #気温別 #気温別コーデ #コーデ集 #春コーデ #アベイル #プチプラコーデ ,"[('今日何着るか迷った時に参考にしてみてね', 0.7851), ('プチプラコーデ', 0.6402), ('気温別コーデ', 0.6126)]",False
"雨の日コーデどうしよう☔ってなるのは私だけじゃないはず‍↕️！
#雨 #雨の日コーデ #梅雨 #梅雨コーデ #アラサーコーデ ","[('雨の日コーデ', 0.8599), ('雨の日コーデどうしよう', 0.7493), ('梅雨コーデ', 0.7119)]",False
"たまにはブラックコーデもあり？
#垢抜け #骨格ウェーブ #ストリート系女子 #低身長 #zozotown ","[('たまにはブラックコーデもあり', 0.7836), ('ストリート系女子', 0.6844), ('骨格ウェーブ', 0.6564)]",False
今日は脚を出さないコーデ集夏場は虫刺されが嫌だよね‍ここ最近雨だけど涼しくて過ごしやすい^_^#夏コーデ #夏服コーデ #デートコーデ #夏のデートコーデ #足を出さないコーデ #低身長コーデ #foryou #fyp,"[('今日は脚を出さないコーデ集夏場は虫刺されが嫌だよね', 0.8407), ('夏のデートコーデ', 0.76), ('夏服コーデ', 0.7457)]",False
今日のコーデドッグランへ行くからシンプルに✨白Tデニムってほんと一番かわいコーデ#ファッション #コーディネート #白tコーデ #白T #ZARA #UNIQLO #ザラ #ユニクロ,"[('今日のコーデドッグランへ行くからシンプルに', 0.763), ('白tデニムってほんと一番かわいコーデ', 0.7354), ('白tコーデ', 0.7247)]",False
"Struggling to go viral as a fashion creator?Here are content ideas that actually get views, followers, and brand attention - even with a small audience.

I've helped fashion girls go from stuck to viral, land paid collabs, and grow faster by posting smarter - not more.
Want all the viral content strategies+ exact steps to land deals?

I'm hosting a FREE masterclass this week. Comment MASTERCLASS below or DM me ""masterclass"" to save your seat.
#FashionCreatorTips #ViralContentldeas
#FashionReels #GrowOnInstagram
#FashionInfluencer #PaidToPost #UGCcreator
#Masterclass2025 #BrandCollabs
#ContentStrategy #StyleCreators #PRListReady","[('fashioncreatortips', 0.5481), ('fashionreels', 0.5232), ('fashioninfluencer', 0.5214)]",False
"NOT DIRECTLY TALKING ABOUT SOMEONE, just want to give y’all sauce & a heads up of what community you’re diving into  hope this video helps you start your journey  #fyp #viral #fashion #fashiontiktok #OOTD #fypツ #fashioninspo #streetwear","[('fashion', 0.5166), ('fashioninspo', 0.5088), ('streetwear', 0.481)]",False
"lmk if u want me to talk more about any specific things id be happy toooo
my 1920s dress is from @Moon Zooom Vintage 

#fashiondesigner #fashiontiktok #artistsoftiktok #metgala #sewing #artist","[('dress', 0.5026), ('fashiontiktok', 0.4603), ('fashiondesigner', 0.4565)]",False
"Follow for more tips and content 
#howtogrowfashionpage #howtogrowontiktok #fashiontips #explore #fyp #fashion #streetwear #fashiontiktok #outfitinsp #2025fashiontips","[('fashiontips', 0.6989), ('fashiontiktok', 0.5521), ('howtogrowfashionpage', 0.5088)]",False
a lot of you guys ask me how I got started so here’s my story. Let me know what else you want to know ✨ #grwm #storytime #fashion,"[('fashion', 0.4786), ('storytime', 0.4226), ('grwm', 0.3915)]",False
The fashion space is a tricky tricky B word! #TikTokShop #AffiliateMarketing #TikTokAffiliate #SocialMediaMarketing #AffiliateTips #TikTokTips #fashioncreator,"[('tiktokshop', 0.5523), ('fashion', 0.5221), ('tiktoktips', 0.5179)]",False
#foryoupage #blowthisup #fashiontiktok #outfitinspo #amadouuo,"[('fashiontiktok', 0.5702), ('blowthisup', 0.5175), ('outfitinspo', 0.4849)]",False
My 5-9 as a Fashion Influencer! This is work okayyy lol but we’ve got plans & goals so it must get done! #fashioninfluencer #fashiontok #howtobeaninfluencer #contentcreator #creatorsearchinsights,"[('fashioninfluencer', 0.5063), ('fashiontok', 0.476), ('fashion', 0.4422)]",False
Step by step on how to increase your income as a fashion content creator #pinterest #ltk,"[('income', 0.4326), ('fashion', 0.4007), ('pinterest', 0.391)]",False
Up close & personal today! My biggest tips to grow your fashion brand in 2025  #fashionmarketing #melbournefashion #digitalmarketingtips #digitalagency #ecommerce #ecommercebusiness,"[('fashionmarketing', 0.595), ('fashion', 0.4771), ('digitalmarketingtips', 0.4506)]",False
"once i started making content & building partnerships with clothing brands i was finally able to afford my style ‍↕️‍↕️ .. are you interested in becoming a content creator??  my “How To Become a Fashion Influencer” ebook is officially ready! ‍↕️‍↕️ You can learn my tips & tricks to grow your platform, build fashion brand partnerships, and learn how to get paid from fashion content! link is in my bio! Also my 30 day content challenge is coming soon✨  #ootd #outfitinspo #blackgirlmagic #contentcreator #fyp","[('fashion', 0.4582), ('content', 0.3699), ('contentcreator', 0.3606)]",False
"how @Wisdom Kaye became one of the best fashioncreators of our generation (pls someone call the metgala bc not inviting him IS CRAZZYYYY) 

#personalbrand #contentcreators #fashioncreator #socialmediagrowth #influencer","[('fashioncreators', 0.6587), ('fashioncreator', 0.6152), ('kaye', 0.4037)]",False
I made my first rookie mistake… #fashion #mistake,"[('fashion', 0.4935), ('mistake', 0.4325), ('rookie', 0.3461)]",False
"It’s not just about your talent, it’s about how you run your brand.
Which mistake are you guilty of? Be honest 
#stylebysa #fashionceo #madeinnigeria #thecorporatebaddie #fyp #virał #fashiondesignerinbenincity #nigerianfashionbrand #SellYourDesigns #fashionbusinesstips","[('fashionbusinesstips', 0.539), ('fashionceo', 0.5189), ('nigerianfashionbrand', 0.4773)]",False
Common mistakes for fashion designer - colours #fyp #fashiondesigner #clothingbrandtips #fashiontiktok #fypage #fashiontok #yapping #fashiondesignertips,"[('fashiondesignertips', 0.6139), ('fashiondesigner', 0.6138), ('fashiontiktok', 0.565)]",False
"biggest fashion mistakes Camilo and Maya wish they knew from the start 

#fashiontiktok #fashion #fashiontips #stylingtips","[('fashiontips', 0.6221), ('fashion', 0.5639), ('fashiontiktok', 0.5369)]",False
I MESSED UP!!! So much this year so i thought id be open with you all about it #fashiondesigner #fashionbrandowner #businessowner #businessmistakes #businessfails,"[('fashionbrandowner', 0.5993), ('fashiondesigner', 0.563), ('businessowner', 0.3869)]",False
"How we were able to correct a mistake (Attraction)
#attraction#dressmaking #fashiondesign #black #Fashion #viraltiktok","[('fashion', 0.4681), ('fashiondesign', 0.4381), ('attraction', 0.4025)]",False
Always there fr. #modellife #fashioninspo #relatablecontent #modelvibes #ınstamodel #viralvideo  #humorandfashion #genzstyle #modelgoals #mood #ａｅｓｔｈｅｔｉｃｖｉｂｅｓ #trendingnow #modelingjourney #instagrammodels #funnyvideos #inspireandempower #dailylaughs #fashioninfluencers #contentcreator #youngtalent #facecardneverdeclined #maincharacter #mistakes #age #13 #14,"[('instagrammodels', 0.6347), ('fashioninfluencers', 0.5602), ('modellife', 0.5378)]",False
"The most important thing is that you learn an improve everyday. Breathe out and breathe in biko!

#tailorgirl #fashiondesigner #fashiontiktok #dimmysdeluxe #fashioncontent #fashion","[('fashion', 0.5481), ('fashiontiktok', 0.5445), ('fashiondesigner', 0.5263)]",False
"3 Outfit Mistakes That Instantly Age you. You are in your prime age, why are you dressing like you are in the 70s

#creatorsearchinsights #outfitmistakes #outfitinspo #fashiontiktok #stilettoshoes #mulesshoes #blockheels #olivedress #mustarddress #yellowdress #levelup #stylemistakes #stylingtips #fashionhacks #mary_osemeka","[('fashionhacks', 0.5753), ('outfit', 0.5308), ('outfitmistakes', 0.5122)]",False
"the 2 most common mistakes from beginner stylists .
#fyp #fashiontiktok","[('stylists', 0.6084), ('fashiontiktok', 0.5963), ('mistakes', 0.3735)]",False
The mistakes I’ve learned to fix being a content creator.  Do Part 2?  #howtobeacontentcreator #blackcontentcreators #blackfashioninfluencer,"[('blackcontentcreators', 0.5715), ('content', 0.4525), ('blackfashioninfluencer', 0.3517)]",False
"5 things that make you look cheap 

#creatorsearchinsights #fashiontipsforwomen #fashionhacks #pantyline #levelup #stylemistakes #stylingtips #munaalexy","[('fashiontipsforwomen', 0.5964), ('fashionhacks', 0.5867), ('stylingtips', 0.4973)]",False
"I love that she tries to copy me. 

#MomAndDaughter
#OOTD
#MiniMeOOTD
#MatchingOutfits #TikTokFashion
#MomStyle
#DaughterStyle #OOTDChallenge #TwinningWithMom #FashionForMoms
#OOTDVideo
#CuteOOTDIdeas
#FamilyGoals
#MommyAndMeOOTD
#TikTokOutfits

@Princess Polly @HYDROJUG @Amazon @BIRKENSTOCK USA @Old Navy Official @Crocs","[('momanddaughter', 0.5017), ('mommyandmeootd', 0.4348), ('daughterstyle', 0.3869)]",False
"my outfit for today  
#fitcheck #outfitideas #ootd #casualstyle #fashioninspo #creatorsearchinsights","[('outfit', 0.6317), ('outfitideas', 0.5596), ('fashioninspo', 0.5573)]",False
lately ive really been leaning towards comfy and breathable but making it cute  #ootdinspo #OOTD #summeroutfits #outfitideas #outfitoftheday #modestfashion #summeroutfitinspo,"[('breathable', 0.4467), ('summeroutfits', 0.439), ('summeroutfitinspo', 0.4228)]",False
"i promise i tried
-
-
-
-
-
#outfitideas #fashiontiktok #outfitinspo #ootd #getdressedwithme #blackgirloutfitideas","[('outfitideas', 0.6148), ('outfitinspo', 0.5909), ('blackgirloutfitideas', 0.5797)]",False
"a week of work fits 
#gdwm #ootdinspo #trending #outfittransition 
#fashiontips #outfitideas #ootd #styleinspo #trendylook","[('fashiontips', 0.6068), ('outfitideas', 0.4961), ('styleinspo', 0.4935)]",False
"save for your next ootd
#ootdpose #ootd #ootdtips #outfitvideo #OOTD #fyp #foryou #foryoupage","[('outfitvideo', 0.5729), ('foryoupage', 0.4671), ('ootd', 0.3963)]",False
almost forgot to post this fitcheck had it sitting in the drafts still#OOTD #styleinspo #girlygirl #cuteoutfits #blowouthair #summeroutfits #summerclothing #outfitinspo #outfitinspiration #outfitidea #clothingtips #styleinspo #fashiontiktok,"[('outfitinspiration', 0.5607), ('clothingtips', 0.5301), ('fashiontiktok', 0.5205)]",False
"how to make & edit those trending #ootd videos

Creators featured: @Anahí  @Rojanna Tayco 

#contentcreator #microinfluencer #contentideas #creatortips #microinfluencertiktok #microinfluencertips #microinfluencerjourney #microinfluencerclub #contentcreation #creatorjourney #fashionvideo #trendingvideos #capcut #capcuttutorial #capcuttemplates #editingtips #editingtutorial #howtoedit #editingvideos","[('trendingvideos', 0.6823), ('trending', 0.5383), ('editingvideos', 0.4958)]",False
you already know it✨ #littlemix #outfitinspo #fashiontiktok #outfitideas #fashioninspo #summeroutfit #ootd #styleinspo #fyp,"[('fashioninspo', 0.5996), ('fashiontiktok', 0.5901), ('outfitinspo', 0.5811)]",False
White fits for summer  #elevatedbasics #summeroutfits #ootd,"[('summeroutfits', 0.5018), ('white', 0.4523), ('summer', 0.4166)]",False
"<3

#ootd #outfitoftheday #outfitinspo #outfittransition","[('outfittransition', 0.743), ('outfitinspo', 0.7037), ('outfitoftheday', 0.6919)]",False
did I mention I love this song #ootd #outfitinspo #summer #fyp #foryou #womensfashion #casualootd #ltk,"[('outfitinspo', 0.3698), ('womensfashion', 0.3506), ('song', 0.3271)]",False
What should we do next? #socialmediamarketing #socialmediagrowth #contentcreatortips #tiktokstrategy #personalbranding #monetize #fashioninspo,"[('socialmediamarketing', 0.6285), ('socialmediagrowth', 0.5579), ('personalbranding', 0.4749)]",False
Trust me on this strategy girlies. I want you to make money on your amazing wardrobe choices. #creatormonetization #creatorinsights,"[('wardrobe', 0.4883), ('girlies', 0.3631), ('creatormonetization', 0.3506)]",False
Reply to @nida.faizan which niche is next?! #tiktokcontentexpert #fashionniche #fashioncreator #tiktokstrategist #contentcreatorcoach #caitlinjenco,"[('niche', 0.5592), ('fashioncreator', 0.5221), ('fashionniche', 0.5135)]",False
Are you a fashion creator? Who’s not getting as many views as you’d like? I totally get it and you can change that to just a little bit more engagement and a lot more views. #fashioncreator #socialengagement #ContentCreation #contentcreator #socialmediacoach,"[('fashioncreator', 0.4843), ('fashion', 0.4587), ('socialmediacoach', 0.432)]",False
"[ SAVE & SHARE ✨ ] My 7-step process to creating FASHION CONTENT  Follow these steps to create your next 3–5 fashion content posts seamlessly. 

1️⃣ Identify Key Item – Start with a staple item you love and feel excited to style! 

2️⃣ Create Concepts & Content Ideas – Create unique ideas around your key item, like unboxing, OOTD, style 3 ways, how-to style, etc. Keep it fresh and diverse. 

3️⃣ Build Your Outfits – Style your key item in several ways based on your content ideas. Ask: How many outfits do I need? How can I make each one stand out? 

4️⃣ Create a Film/Shot List – Plan your shots ahead for direction and efficiency while shooting. 

5️⃣ Film Your Content – Use your shot list and don’t forget your back camera for better quality. 

6️⃣ Edit Your Content – Edit in @capcutapp , focusing on storytelling and seamless transitions. ✂️

7️⃣ Schedule & Post Your Content – Plan & Track your content with an editorial calendar, post organically, and engage with your audience for at least 10 minutes after posting. 

Et voilà!  You not only have 3–5 posts, but you also have a repeatable system for styling any new staple. 

Which step would you like me to dive deeper into next? Drop your questions in the comments below! 

#createcontent #fashioncontent #fashioncontentcreator #explore #explorepage #sherpajacket","[('fashioncontentcreator', 0.4866), ('outfits', 0.4856), ('fashion', 0.4542)]",False
"If i were to create a fashion brand today - this is how id do it!

#marketing #branding #creativedirection","[('branding', 0.5979), ('fashion', 0.5335), ('brand', 0.5114)]",False
"Wanna start creating content? This is how i film my fashion videos. I show you all my tips & tricks, from prepping to filming, so take notes!

#bygisziegiss #yourplugsister #fashionvideostutorial #beginnercontentcreatortips #upcominginfluencers #influencercontentideas #fashioncontentcreators #microinfluencertips #takingcontentcreationseriously","[('fashionvideostutorial', 0.5566), ('fashioncontentcreators', 0.5335), ('filming', 0.4712)]",False
Brand marketing in 2025#clothingbrand #fashionmarketing #brandstrategy #clothingtips #contentcreation #creatorsearchinsights,"[('fashionmarketing', 0.59), ('clothingbrand', 0.5895), ('brandstrategy', 0.5667)]",False
@LOEWE is really that girl when it comes to unique marketing content. Breaking down 3 social media content strategies they’re crushing! #fashion #marketing #socialmedia #content #socialmediamarketing #tips #strategy #loewe #greenscreenvideo #greenscreen,"[('socialmedia', 0.5153), ('socialmediamarketing', 0.5109), ('loewe', 0.4768)]",False
#foryoupage #blowthisup #fashiontiktok #outfitinspo #amadouuo,"[('fashiontiktok', 0.5702), ('blowthisup', 0.5175), ('outfitinspo', 0.4849)]",False
A big old list of content ideas for fashion creators #fashiontiktok #styletiktok #contentcreatorsoftiktok #creatortips #tiktokcontent #contentideas,"[('fashiontiktok', 0.6963), ('styletiktok', 0.5931), ('fashion', 0.5125)]",False
Replying to @makenzie.wagner SAVE this Content Idea Tree example for the Fashion niche! #contentideasforsocialmedia #fashionniche #fashionbusinessowner #smallbiztipstuesday,"[('fashionbusinessowner', 0.4942), ('niche', 0.4492), ('fashion', 0.4443)]",False
Where to get fashion ideas #fypシ #streetfashion #streetwear #xyzbca,"[('streetwear', 0.6052), ('fashion', 0.5484), ('fypシ', 0.4516)]",False
"""Fashion + content = chefs kiss # ..
...This week, we're
turning outfits into engagement with fun content ideas-think GRWMs, OOTDs, styling tips, wardrobe essentials, and even fashion hauls! Whether you're showing off your signature look or helping others find theirs, there's so many ways to make your fashion your content staple...Which ideas is your favorite? #contentideas #contentcreator #fyp","[('fashion', 0.5575), ('wardrobe', 0.4872), ('content', 0.4678)]",False
content creation ideas for lifestyle and fashion creators !!!! #contentideas #fashioncontent #tiktokgrowth #fulltimecontentcreator #whattopostontiktok,"[('fashioncontent', 0.5328), ('fashion', 0.4687), ('content', 0.4184)]",False
#fitcheck #DigitalMarketing #dreamlife #fyp #parisianstyle #parisfashionweek #lifestyle #fashion #reeltips #growmyaccount,"[('fashion', 0.4822), ('fitcheck', 0.4701), ('parisianstyle', 0.4145)]",False
"save this for fashion and lifestyle content ideas!✨
•
#contentcreator #contentideas #fashionhacks #contentcreatortips #fyp","[('contentcreatortips', 0.5685), ('fashionhacks', 0.532), ('fashion', 0.4769)]",False
I recently found this fashion blogger page and I love it so much! It’s also great to tag if your a fashion blogger #fashion #blogger #instagramfashion,"[('blogger', 0.4803), ('fashion', 0.4403), ('tag', 0.3806)]",False
OOTD#ootd #maximalism #fashioninspo #fypシ゚viral #outfitsinspo #fypシ゚viral #fypシ #summer #skirtoverpants #tylerthecreator #layeredoutfits #unique,"[('outfitsinspo', 0.5614), ('fashioninspo', 0.5576), ('skirtoverpants', 0.5209)]",False
fitted in @kalliopeisamuse w/ @Zoe #fyp #foryoupagе #ftcelly #fashioninspo #contentcreator #ootd #fashiontiktok #outfitinspo,"[('fashiontiktok', 0.6198), ('fashioninspo', 0.617), ('outfitinspo', 0.6076)]",False
What should I name this series frennnn? This fashion series is to help those who may be stuck finding their style or styling possibilities. I am not a professional this is all for fun  #ootdfashion #monochromeoutfit #stylefromscratch,"[('stylefromscratch', 0.5883), ('fashion', 0.5173), ('monochromeoutfit', 0.4784)]",False
Its time to step out a minute! #creatorsearchinsights #contentcreator #over50styleinfluencer #fashiontiktok #over50style #over50style,"[('fashiontiktok', 0.5727), ('over50style', 0.4914), ('creatorsearchinsights', 0.4804)]",False
today ⭐️,"[('today', 0.8002)]",False
Top fashion styles for 2025 #creatorsearchinsights #fashiontips #styleinspo #trendylooks #outfitideas #mensfashion #streetwear #fyp,"[('fashiontips', 0.6219), ('fashion', 0.593), ('streetwear', 0.5207)]",False
Name a better niche fashion content creator… oh wait you can’t #fypシ #fyp #fashiontiktok #grwm #streetwearfashion #streetwearinspo,"[('streetwearfashion', 0.5956), ('fashiontiktok', 0.5803), ('streetwearinspo', 0.5645)]",False
#fashioncontentcreator #streetstylefashion #baggyjeans #baggyjeansoutfit #baggyclothes #streetwear #streetstyleinspo,"[('baggyjeans', 0.6763), ('baggyjeansoutfit', 0.6746), ('streetwear', 0.5814)]",False
"My favorite fashion influencers for outfit ideas 

@Jasmine Tookes @nadakamani  @iamrebeccad12 @Kate Hutchins @Alice Olivia @paige lorenze @Melissa A. R 

#fashioninfluencers #ootd #outfitideas #fashion #fyp #outfits #outfitinspo #fashiontrends #chicoutfit #modestfashion 
##greenscreen","[('fashioninfluencers', 0.5743), ('fashion', 0.5329), ('fashiontrends', 0.5327)]",False
Welcome to all my new followers ! You’re going to love it here #CapCut #blackgirlcontentcreator #plussizefashion #plussizetiktok #fyp #fashioninspoforyou #trending,"[('blackgirlcontentcreator', 0.5517), ('fashioninspoforyou', 0.5406), ('followers', 0.4467)]",False
HOW I PUT TOGETHER MY OUTFITS ✍ breaking it down step by stepcbased around a certain item/vibe makes the process so much easier & more enjoyable!!!! #fashiontiktok #fashiontips #fashionhacks #stylingtips #howtostyleoutfits,"[('fashiontips', 0.5817), ('outfits', 0.4971), ('stylingtips', 0.4961)]",False
Styling 1 top 4 ways ⋆.˚ .˚~ which was your favorite? ^-^ #styling #outfitinspo #blacktop #outfitideas  #outfittransition,"[('styling', 0.5666), ('outfitinspo', 0.5497), ('outfittransition', 0.5397)]",False
3 business fashion hacks @MOTF  15% off DC C0DE: MOTF24013 Formal corporate outfit tips to elevate your naturally chic look #MyMOTF #MOTFpartner #fashionhacks Search ID on SHEIN.COM & shopmotf.com,"[('fashion', 0.5673), ('fashionhacks', 0.5356), ('motf24013', 0.4415)]",False
"Grwm: How to create an outfit. Which style is your favorite 1,2 or 3.
-Shop outfits link in bio LTK
#fashiontiktok","[('outfits', 0.6206), ('fashiontiktok', 0.5985), ('outfit', 0.588)]",False
HOW TO PUT TOGETHER AN OUTFIT EFFORTLESSLY #outfitinspo #styletips #swag,"[('outfitinspo', 0.575), ('swag', 0.5683), ('outfit', 0.5608)]",False
"Style with me #3
.
.
.
.
.
.
.
.

#layersonlayers #stylingtips #stylinghacks #wearyourclothesbackwards #rewearyourwardrobe #thriftedootd #ootd #stylewithme","[('stylinghacks', 0.6043), ('stylingtips', 0.589), ('stylewithme', 0.579)]",False
"Many women are not confident with how to style correctly their favorite oversize clothes. ⚡Discover the art of effortless style with our off-the-shoulder tunic and linen pants combo.  Embrace the fluidity and comfort of these pieces. Get this outfit now at clothesbylockerroom.com!#lockerroom #clothesbylockerroom
#lockerroomflashsale #fromboringtobold
#edgyfashion #boldstyle #uniqueclothing
#extravagant #fashionover40 #boldandbrave
#originaldesigns #urbanchic #oversizedjumpsuit","[('oversizedjumpsuit', 0.5435), ('clothesbylockerroom', 0.5008), ('oversize', 0.4874)]",False
"Ok this 333 method really helped me come up with outfit ideas, and made me realize just how easy it is to pair items together from my capsule wardrobe 

#capsulewardrobe #capsulewardrobestyle #capsulewardrobeideas #stylingtips #stylingideas #capsulewardrobetips","[('capsulewardrobestyle', 0.5487), ('capsulewardrobe', 0.4341), ('capsulewardrobetips', 0.4174)]",False
"How to dress better than 99% of the population ‍↕️ 

#mensfashion #summerfashion #summeroutfits #mensstyle","[('dress', 0.5218), ('mensstyle', 0.4849), ('summerfashion', 0.4382)]",False
Fashion tips for if you don’t know what to wear… #fyp #fashion #streetwear #fashiontips #fashionadvice #mensstyle #stylingtips,"[('fashiontips', 0.7642), ('stylingtips', 0.5629), ('fashion', 0.5387)]",False
how to make an outfit you actually like  #outfitideas #outfits #androgynousstyle #androgynousfashion #unisex #unisexfashion #nonbinary #outfitinspo #styleadvice #styleinspo #fallfashion #falloutfits #fashiontiktok #ootd,"[('outfits', 0.5831), ('outfitinspo', 0.582), ('outfit', 0.5798)]",False
"convenient!
#fashiontok #styleinspo #outfitideas #sandwichmethod","[('fashiontok', 0.5921), ('outfitideas', 0.5325), ('sandwichmethod', 0.5095)]",False
"here’s how to dress girly & comfortable at the same time!!!! truly a win win situation  this is the perfect everyday style for work, running errands, weekends, etc. when you want to look stylish but still feel comfortable 

 if you love the girly casual vibe, take bits & pieces of what I said that resonate with you and add into your daily outfits! including style characteristics from something that you love is such a fun way to add a little bit of YOU into the outfits that you wear to work, run errands, wear on the weekends, etc.

Timestamps:
0:00-0:56 everything you need to know about the girly casual style ✨
0:57-2:32 outfit ideas!!!! 

#girlyaesthetic #casualstyle #girlystyle #girlycasual #pinterestoutfit #pinterestaesthetic #summerstyle #summeroutfits #summeroutfitinspo #realisticstyle #affordablefashion #everydaystyle #everydayoutfits #luxuryonabudget #everydaystyleinspo #comfortableoutfit #greenscreen","[('dress', 0.5485), ('outfits', 0.5156), ('outfit', 0.4821)]",False
#casualoutfitideas #easyoutfits #everydayoutfits,"[('everydayoutfits', 0.719), ('easyoutfits', 0.6604), ('casualoutfitideas', 0.6592)]",False
"Minimal Style: #streetstyle #ootd

#creatorsearchinsights #summerchic #style #fashion #chic #mystyle #personalstyle #effortlessstyle #streetfashion #minimal #minimalstyle #minimalstyleoutfit #minimalstyledaily #minimalstyleinspo #neutralstyle #neutraloutfit #outfitinspo #outfitideas #outfitoftheday #summerstyle #summerfashion #summerfashioninspo #jenknowsstyle #jenknowsbest #styleexpert #fyp #pretty #trending #coolgirlaesthetic #coolgirlstyle #ayllon @RAILS @Jonak Paris #khaite","[('minimalstyle', 0.6203), ('minimalstyledaily', 0.5927), ('streetstyle', 0.5821)]",False
ootd!! #outfitideas #outfitinspo #ootd #fitcheck #outfitoftheday #fashion,"[('outfitinspo', 0.621), ('outfitideas', 0.6134), ('outfitoftheday', 0.6091)]",False
Love my new sweater from Ann mashburn  feels super chic yet wearable for everyday! ✨ #simpleoutfit #basicoutfitideas #chicoutfit #timelessstyle #modeloffduty #airportstyle #airportoutfit #traveloutfit,"[('sweater', 0.5488), ('wearable', 0.4405), ('chicoutfit', 0.3873)]",False
little ootd #summerfashion #summerootd #outfitinspo #outfitoftheday #summerchic #trendycasualoutfits #creatorsearchinsights #everydayoutfitideas,"[('summerfashion', 0.5607), ('summerootd', 0.5529), ('summerchic', 0.5319)]",False
#fyp#outfitinspo,"[('outfitinspo', 0.6839), ('fyp', 0.5745)]",False
"gdwmmm
#gdwm #getdressed #getdressedwithme #outfit #outfitinspo #outfitideas #summeroutfits #summeroutfits #fyp #fyp #fypシ゚viral #fypage #foryoupage #foryoupageofficiall","[('getdressedwithme', 0.5722), ('getdressed', 0.521), ('outfit', 0.501)]",False
"Linked in LTK wearing @Revolve @Edikted @Tony Bianco @DISSH #clothinghaul #summerclothes #fyp #summerdresses #summerhaul
#dailyoutfits #OOTD #SummerFashion #shoppinghaul #outfitinspo #summeroutfit #holidayoutfits #shopping #holidayclothes #ootdinspo
#outfitinspo #SummerFashion #outfitideas #vacationoutfits #summeroutfit","[('summerclothes', 0.5915), ('summeroutfit', 0.5223), ('clothinghaul', 0.5033)]",False
"Off to get a facial @Rescue Spa with my friends!!! Wearing @ALMADA label pants, @SESSEI T-shirt, @Tony Bianco sandals, and @DeMellier bag #ootdinspo #outfitoftheday #fitcheck #dailyoutfits #nycootd #minimalstyle #easyoutfits","[('spa', 0.419), ('outfitoftheday', 0.4102), ('sandals', 0.3647)]",False
Daily outfit #makeup #grwm #fyp #fitcheck #dailyoutfits #dailyoutfitideas #dailyoutfitinspo #ootdfashion #blazeroutfit #latestoutfits #outfitoftheday #blazeroutfit #fashiontiktok #fitcheck,"[('outfit', 0.544), ('outfitoftheday', 0.529), ('fashiontiktok', 0.5128)]",False
"From elegance to bold  Stay tuned for more looks and transitions 

#FashionTransition #OOTD #GlowUp #TrendAlert #StyleInspo #OutfitChange #ViralFashion #InstaFashion #Fashionista #FashionGoals #TransformationTuesday #FashionReel #StyleGoals #BeforeAndAfter #ChicTransition #TikTokFashion #FashionTikTok #FYP #ExplorePage #ViralLook #TikTokStyle #OutfitInspiration #Transition #TikTokGlowUp","[('fashiontiktok', 0.6717), ('fashiontransition', 0.5835), ('stylegoals', 0.5267)]",False
ೀ⋆｡˚ outfit transformation with twinn!! ~  ~ || dc; @     ིྀ tags:: @┆⟡ ݁₊ ! ۶ৎ #zepeto #zepetotiktok #zept #viral #xybca #xybcafyp #christmas #challenge #watchbutnotlike??,"[('zepetotiktok', 0.5006), ('zepeto', 0.4818), ('twinn', 0.4582)]",False
Old lady dress transformations,"[('dress', 0.5656), ('lady', 0.3964), ('transformations', 0.3476)]",False
Cross dressing These quick transformations should be a hit with the girls #tiktok #tiktokfashion #quickchange #amazingoutfits #stylehacks #fashionforyou #fyp,"[('fashionforyou', 0.4905), ('dressing', 0.4894), ('tiktok', 0.4766)]",False
Mama dressed up for a night out‍ #momsoftiktok #momsover30 #transition #glowup #momlife #fyp #transformation,"[('momsoftiktok', 0.5638), ('mama', 0.5611), ('momlife', 0.5154)]",False
"#outfittransition 
#outfittransitionchallenge 
#beautytransformation 
#glowupchallenge","[('outfittransitionchallenge', 0.736), ('outfittransition', 0.657), ('beautytransformation', 0.6059)]",False
My outfit transition  #outfit #fashion_outfits #beforeandafter #latinagirl #fyp,"[('fashion_outfits', 0.6234), ('outfit', 0.5231), ('latinagirl', 0.5136)]",False
"Explaining my recent outfit transformation - this is why the first outfit looks so horrible on me!!

#outfittransformation #kibbebodytypes #bodytypes #styletransformation #outfitbreakdown #outfitexplained","[('outfitexplained', 0.6613), ('outfittransformation', 0.6212), ('outfitbreakdown', 0.6123)]",False
Outfit Transformation  #yoursopretty #vibingbymyself #myoutfit #myoutfits #femalecontentcreator,"[('outfit', 0.5439), ('femalecontentcreator', 0.5345), ('myoutfit', 0.4052)]",False
#outfitchangetransition #ParaTi #Fyp,"[('outfitchangetransition', 0.7256), ('fyp', 0.4244), ('parati', 0.3805)]",False
Risposta a @❤️ spero vi piacciano #outfitideas #outfitinspo #petitefashion #fashiontiktok #summeroutfit #summerinspo #summerfits ,"[('fashiontiktok', 0.5438), ('summerinspo', 0.5107), ('summeroutfit', 0.5088)]",False
outfits we wore in milan for shards birthday trip  #relationship #milanoutfit #outfitinspo #holidayfits #italy #couple #matchingfits ,"[('milan', 0.5172), ('milanoutfit', 0.5119), ('outfits', 0.4851)]",False
Milano ❤️#milan #milano #milanoitaly #italia #outfit #outfitinspo #outfits #outfitinspiration ,"[('milano', 0.6759), ('milan', 0.6329), ('milanoitaly', 0.5702)]",False
"#invitedby evento a Milano vi porto con me @SHEIN Italy @SHEIN #SHEINModernMan #SHEINtrends #Pubblicità #adv 
Cercate e seguite 【MUSERO】per l'ispirazione di vestirvi a #SHEINtrends!","[('milano', 0.4868), ('musero', 0.4167), ('italy', 0.3866)]",False
Milano days ✨ @CILIBAERTOE #springoutfitideas #ootdinspo #beigeaesthetic #springoutfit ,"[('springoutfitideas', 0.6137), ('springoutfit', 0.5796), ('milano', 0.5151)]",False
La pasta #summeroutfitinspo #eurosummer #milan #outfitideas #outfitoftheday ,"[('milan', 0.5862), ('outfitideas', 0.5048), ('eurosummer', 0.4479)]",False
@caro shopping trip ->  11/10 #girlstrip #foryou #shopping #milan #milano #italy #ootd #outfitideas #outfitcheck ,"[('milano', 0.5358), ('milan', 0.5156), ('caro', 0.457)]",False
"I’m finally back in Milan!!! Bringing back the best of Italy’s street style ❤️ nothing like Milanese fashion to inspire us all for an amazing summer  which looks are your favorites? 

#whatpeoplearewearing #milanfashion #streetstyle ","[('milan', 0.6092), ('milanese', 0.5697), ('milanfashion', 0.5221)]",False
"The beauty of Milan street trends in Summer 2024
#tiktokfashion #fashionideas #milanstreetstyle #oldmoney #italianfashion #luxurylife #milan  ","[('milanstreetstyle', 0.5618), ('milan', 0.5613), ('fashionideas', 0.4434)]",False
Classy girl dinner night outfit in Milan #outfit #girldinner #outfitsideas #fashiontiktok ,"[('outfitsideas', 0.5426), ('milan', 0.5184), ('outfit', 0.5022)]",False
social anxiety fears me #outfit #milano #italy #outfitinspo #summer #vacation #urlaub #curly #girl #italian #mailand #italien #foryou #fyp #hairstyle #spring ,"[('anxiety', 0.4377), ('fears', 0.4249), ('milano', 0.4232)]",False
milan with my soulieee  #fyp #boyfriend #milan #milanfashionweek #outfit #ootdinspo ,"[('milan', 0.6973), ('milanfashionweek', 0.6247), ('soulieee', 0.3424)]",False
Italian style #lifestyle #italianstyle #oldmoney #quietluxury #milan #italy #richlife #luxurylife #viral #foryoupage #pourtoi ,"[('italianstyle', 0.6722), ('italian', 0.5765), ('milan', 0.5014)]",False
"Top Italian Street Style 2025 
 See More in My Youlube Channel
  [Link in Bio]
#italianstyle #milanstreetstyle #richlife #fashionlover #tiktokfashion #oldmoney #fashionstyle #milan #springfashion ","[('italianstyle', 0.6489), ('milanstreetstyle', 0.5621), ('milan', 0.5294)]",False
"Street Style 2025!
Pitti Uomo, Florence

#italy #fyp #foryour #foru #foryourpages #visititaly #lifestyle #tips #travel #woman #fashion ","[('florence', 0.5747), ('italy', 0.4434), ('fashion', 0.4093)]",False
Milan Style2025#streetstyle #italy #milanfashion #milanstyle #italianstyle #milan #fashionable #italiansummer #fashiontrends #fashiontrends #coolstyle #streetwear #streetstyl ,"[('italianstyle', 0.65), ('milanstyle', 0.5897), ('streetstyle', 0.5845)]",False
"Dress Code: Italian old money fashion  does my outfit meet the dress code? Let me know 
#grwm #getreadywithme #fyp #hair #outfit #makeup #event #oldmoney #sheindresses #ootdinspiration ","[('dress', 0.578), ('fashion', 0.5328), ('outfit', 0.524)]",False
" Due outfit, zero dubbi.
Che tu stia cercando un look casual o un tocco più elegante, da My Custom Shoes trovi lo stile perfetto per lui e per lei.
 Outfit uomo: comodo, deciso, sempre di tendenza.
 Outfit donna: grintoso, versatile, 100% fashion.
⠀
 Vieni a trovarci nei nostri store:
 Treviglio – Via Roma 19
 Crema – Via XX Settembre 5
⠀
 Oppure scopri tutti i nostri outfit e scarpe sul sito:
 www.mycustomshoes.it
⠀
 
#mycustomshoes #outfitoftheday #ootd #fashionitalia #modauomo #modadonna #lookdellagiornata #streetstyleitalia #ootditalia #styleinspo #tendenze2025 #negozidimoda #treviglio #crema #fashionaddict #styleblogger #shoplocalitaly #outfitgoals #sneakerlover #eleganzaitaliana #dressedtothrill","[('fashionitalia', 0.5792), ('fashionaddict', 0.5177), ('fashion', 0.5076)]",False
"#classmen #menclass #menwithclassandstyle #mensfashion #menover60 
#classymen #luxurymenswear #luxurymenlifestyle #menstailoring #italianstyle #italiansuits #porsche #porscheclub #giuseppezanotti #oldmoney #oldmoneyaesthetic #oldmoneymenswear #palmbeach #palmbeachisland #palmbeachstylist #foryoupage #fyp ","[('menwithclassandstyle', 0.6235), ('classmen', 0.5952), ('palmbeachstylist', 0.5535)]",False
"Replying to @gaietta Brand italiani sostenibili ☺️ 

#shoppingtips #branditaliani #brandemergenti #marcorambaldi #cormio #modaitaliana #madeinitaly #perte ","[('italiani', 0.5906), ('brandemergenti', 0.5367), ('marcorambaldi', 0.4953)]",False
#gafas #camisas #pantalones #verano #modaitaliana #italia #fyp ,"[('italia', 0.5365), ('pantalones', 0.4756), ('modaitaliana', 0.4464)]",False
"2500 da ❤️
#modaitalia #modaitalia @moda italia  premuim  ","[('modaitalia', 0.5913), ('italia', 0.5046), ('moda', 0.4816)]",False
GENERAL CHECK...#fashionblogger #fashionweek #2024 #men #fashion #style #milano #hairstyle #hair ,"[('fashionweek', 0.6137), ('fashionblogger', 0.5599), ('fashion', 0.5376)]",False
"These are just general tips✨ not saying you must wear those things, wear what you feel comfortable in #broadshoulderoutfits #broadshoulders #stylingtips #fashiontiktok ","[('broadshoulderoutfits', 0.5591), ('wear', 0.5267), ('broadshoulders', 0.504)]",False
"OOTD ‍ 

I’ve always LOVED clothes, style and fashion so I’m going to post a little more of my general outfits here. Let me know if you’d like to see more general lifestyle content 

#corporateoutfit #outfitoftheday #minimalstyle #officechic ","[('outfits', 0.4679), ('fashion', 0.4509), ('clothes', 0.3997)]",False
"General Fashion & T-Shirt  
#TShirt#TShirts**  
#Fashion#Moda#Italian for ""fashion"")  
#Streetwear#OOTD#Outfit of the Day #OutfitDelGiorno#TShirtDesign  #Trendy#Trend**  
#Style#Stile#UnisexFashion #CasualWear**  
 #ModaItaliana#Italian fashion#  #StileItaliano#Italian style 
#Italia#VestitiBelli#beautiful clothes
#ShoppingOnline#online shopping)  
#CompraItaliano#buy Italian
#InstaFashion#ShopNow#AcquistaOra**  
#FashionAddict#Viral","[('outfitdelgiorno', 0.5879), ('fashion', 0.5638), ('italian', 0.5179)]",False
"#creatorsearchinsights 
#fashiontiktok #fashioninspo #fashionhacks ","[('fashionhacks', 0.6871), ('fashiontiktok', 0.687), ('fashioninspo', 0.6467)]",False
"General casual stylish wear!

#ootd #stylishoutfit #womenswear #womensfashion ","[('stylishoutfit', 0.5821), ('wear', 0.5519), ('stylish', 0.5391)]",False
"Risposta a @Raziel17x 
Consigli per sembrare più alti 
#tips#learntiktok#luigilauro#fashion#mensfashion#menstyle#styletips ","[('styletips', 0.5424), ('fashion', 0.4783), ('luigilauro', 0.4147)]",False
"Summer 2025 is coming  Better be early. 

#ss25trends #fashiontrends #pinterestgirls #nauticalaesthetic #genzstyle","[('2025', 0.5295), ('pinterestgirls', 0.4115), ('summer', 0.3918)]",False
"Non nominate il nome del Vintage invano 
.
.
.
.
.
#vintage #vintagestyle #vintagemenswear #vintageclothing #vintagelove #vintageshop #storia #drop ##viral #vintagesuit #menswear #gentleman #elegance #sartoriale #tailoring #fashion #style #influencer #italia #italy #bespoke #benvestire #1940s #1950s ","[('vintagemenswear', 0.5322), ('vintagestyle', 0.43), ('vintage', 0.4194)]",False
"T-shirt and trousers, but make it refined. It’s all in the tuck, the tailoring, and the confidence.
.
.

#MensStyle #MinimalistFashion #SmartCasual #OutfitInspo #ModernGentleman #CleanAesthetic #LoaferStyle #EffortlessStyle #SimpleFits #menwithstyle ","[('loaferstyle', 0.559), ('shirt', 0.4893), ('trousers', 0.4679)]",False
Hello Summer style staple  #mensfashion #mensagem #summerstyle ,"[('summerstyle', 0.5573), ('mensagem', 0.5031), ('staple', 0.4536)]",False
#day #outfit #fashion #eurosummer #fyp #foryoupage ,"[('eurosummer', 0.493), ('fashion', 0.4719), ('outfit', 0.4559)]",False
"In versione clean girl senza essere una clean girl @Igeia by Carlotta Gagna ✋
#fashion #fashiontiktok #pilatesgirl #activewearfashion 
 ","[('una', 0.4416), ('pilatesgirl', 0.4373), ('fashiontiktok', 0.3912)]",False
"Full linen outfit!  

#summeroutfits #oldmoneyaesthetic #gentleman #linenshirt #linenpants #elegantstyle ","[('linen', 0.6722), ('linenpants', 0.6375), ('linenshirt', 0.5955)]",False
"If you're looking for a husband, go to Italy! They are dressed to impress! #fashion #fashiontiktok #style #bestdressed #styleinspiration #styleinspo #stylesnap #fashioninspo #fashioninspiration #fyp #italianfashion #bernardgarby ","[('italianfashion', 0.4076), ('italy', 0.3843), ('husband', 0.3723)]",False
#fyp #foryoupage #elegant #elegance #classy #classystyle #femenine #femenineenergy #fashion #fashiontiktok #fashioninspo #italy #italian #european #europeanfashion #lady #ladies #ladiesoftiktok ,"[('femenineenergy', 0.5832), ('femenine', 0.5492), ('fyp', 0.4281)]",False
Our outfits in Italy #italy#comolake#outfits#girlstrip#varenna#bellagio#lecco#milan#ootd#italyoutfits#outfitstrend  ,"[('italyoutfits', 0.5865), ('outfits', 0.5122), ('italy', 0.479)]",False
First outfit✨ #italy #italyaesthetic #italianoutfit #summeroutfit #outfitideas #styleinspo #fashiontok #modelwalk #fyp #mostviralvideo #outfit ,"[('italianoutfit', 0.6245), ('italyaesthetic', 0.559), ('italy', 0.5151)]",False
ITALIAN SUMMER OUTFITS #vacationoutfits #italiansummer #italiansummeraesthetic #vacationdress #summerdress #outfitideas #outfitinspo ,"[('italiansummer', 0.5814), ('italiansummeraesthetic', 0.5376), ('summerdress', 0.5311)]",False
Trending woman dresses/ Summer Everyday Outfit Ideas 2025 #lookbook #ootdinspo #fashiontiktok #lifestyle #styleinspo #italianfashion #streetstyle ,"[('fashiontiktok', 0.4901), ('trending', 0.4778), ('dresses', 0.4556)]",False
"✨  :
    ’ 
,  e : perfetti per sole, eventi e serate ️

   A METÀ PREZZO
   ̀,   ̀ 
✨  À     ✨

️ : ilpuntomoda.it
  : Via dei Granatieri 53 – Roma
  WhatsApp: 392-722-4525

#vestitobianco #abitoestivo #vestitidonna #modadonna #lookestate #abitiestivi #scontimoda #ilpuntomoda #roma #shoppingroma #estate2025 #modaitaliana #vestitibianchi #abbigliamentodonna #fashionlover","[('vestitibianchi', 0.6298), ('vestitobianco', 0.5977), ('ilpuntomoda', 0.5492)]",False
"✨ Mie bellissime donne, il nuovo corner è un mix di eleganza & freschezza! 
Oggi vi presento un look che sa d’estate: abito in rasatello di cotone firmato No Secrets Milano — leggero, chic e super raffinato. ☀️
✨ Dettagli top:
 Bretelle con fibbia oro
 Fascia strutturata
️ Elastico posteriore = comfort + stile!
 La palette? Verde, beige, oro caldo e tocchi fantasia: naturale, raffinata e super versatile.
Perfetta per ogni occasione — da giorno o da sera.
 Vieni a provarlo in boutique e lasciati ispirare!
 Stay ELAgant 
——————
 Marel Boutique – Via S. Trinchese 120/A, Lecce
 +39 339 450 3594
——————
#marelboutique #estate2025 #newcollections #lookchic #lecce #modaitaliana #ootdmagazine #purecotton #fashiontrend","[('fashiontrend', 0.5155), ('boutique', 0.4585), ('lasciati', 0.432)]",False
Living my dolce vita ✨ Italian summer mode: ON  #italy #summermode #italianvibes,"[('italianvibes', 0.5906), ('italian', 0.5438), ('italy', 0.4462)]",False
Il vestito estivo a pois più iconico di sempre  #dresses #dressup #summerlooks ,"[('vestito', 0.5688), ('dresses', 0.498), ('dressup', 0.4738)]",False
"✨❤️SANDALO JADA ❤️✨, direttamente dalla nostra produzione artigianale Made in Italy ✨
Comodissimo, elegante, con cerniera e sottopiede antiscivolo ✨
Realizzato a mano dai nostri maestri artigiani, è il must-have dell’estate! 
Disponibile ora... ma solo per poco! 

#madeinitaly #ModaEstate2025 #ArtigianatoItaliano #comfortedesign ","[('artigianatoitaliano', 0.5393), ('artigianale', 0.443), ('artigiani', 0.4271)]",False
" Non è solo un vestito. È il tuo ingresso in scena.
Seducente. Leggero. Indimenticabile.
 Scopri la collezione estiva prima che sparisca!

#AbitoPerfetto #FashionTikTok #OutfitDiClasse #Estate2025 #AmphuraStyle #ModaItaliana","[('outfitdiclasse', 0.5216), ('fashiontiktok', 0.4676), ('vestito', 0.4676)]",False
Italian Style #perte ,"[('perte', 0.6449), ('italian', 0.519), ('style', 0.337)]",False
#oldmoney #oldmoneystyle #oldmoneyaesthetic #luxurylife #perte #fyp ,"[('oldmoneystyle', 0.5471), ('oldmoneyaesthetic', 0.5421), ('oldmoney', 0.5218)]",False
"Buonasera 

#tiktokrugby #rugby ","[('buonasera', 0.5867), ('rugby', 0.5431), ('tiktokrugby', 0.5302)]",False
#italianstyle now its my song ,"[('italianstyle', 0.7077), ('song', 0.377)]",False
The Italian look  #italy #italien #look #style #ootd ,"[('italian', 0.5454), ('italien', 0.5434), ('italy', 0.4835)]",False
Es ist Sommer? Zeit für italienische Hochzeit in Italien  #italy #weddingday #summer #aperolspritz #italiano ,"[('italienische', 0.5646), ('italien', 0.4917), ('italiano', 0.4673)]",False
"Italian Hairstyle  tutorial  ✂️
#italianmen #fyp #fyfyfyfy #hairstyle #foryou ","[('hairstyle', 0.585), ('italianmen', 0.5298), ('italian', 0.5068)]",False
"Step up your style with Mafia-inspired outfits for men! 

#modamasculina 
#foryoupagee 
#eleganciaclassica 
#viral_video ","[('mafia', 0.4167), ('modamasculina', 0.4101), ('eleganciaclassica', 0.386)]",False
"Italian style  
#luigilauro#outfit#italianstyle#styletips#modamasculina#mensfashion#menstyle ","[('italianstyle', 0.6397), ('luigilauro', 0.5601), ('styletips', 0.5242)]",False
"Outfit Old Money - italian style  

#italianstyle #oldmoney #mensfashion #outfitinspo #90slook #tiktokfashion ","[('italianstyle', 0.6468), ('italian', 0.5127), ('outfitinspo', 0.4904)]",False
cute and simple summer outfits from @White Fox Boutique ✨️  White Fox will be having huge sale soon! Use code WFSOFIA for 40% off during their flash sale on June 18th 6-10AM AEST. Code will be valid after 10AM AEST for 30% for the duration of the sale! #whitefoxpartner #whitefoxboutique #whitefoxhaul #summer2024 #summeroutfitinspo #samba #birkenstocks #outfitideas #fashion ,"[('whitefoxboutique', 0.4316), ('outfits', 0.427), ('whitefoxpartner', 0.4267)]",False
Volete la pt 2? #greenscreen #perte #foryou #tiktok #followformorevideo #followme #estate #summer #summervibes #summertime #outfitinspo #inspiration #outfit #nightout #girls #ragazze #sere #summernights,"[('summervibes', 0.4966), ('summertime', 0.4939), ('summernights', 0.4515)]",False
summer outfit inspo all from white fox use DEMETRATT for 30% off during their june sale @White Fox Boutique #whitefoxpartner #summervibes #summeroutfitinspo #summerclothes ,"[('summerclothes', 0.5512), ('outfit', 0.4718), ('demetratt', 0.4365)]",False
follow for more inspo  ,"[('inspo', 0.7556), ('follow', 0.5899)]",False
plus size summer outfit my skorts are a lifeeee saver! #plussizefashion #haul #ootd #springfashion #outfits #outfitinspo #outfitideas #grwm ,"[('outfit', 0.5296), ('outfits', 0.5188), ('outfitinspo', 0.4529)]",False
Outfit linked in my ltk in bio  #whattowear #whattoweartoday #summeroutfit #summerlooks ,"[('outfit', 0.5557), ('summeroutfit', 0.4901), ('summerlooks', 0.4843)]",False
summer outfits for when it’s BOILING HOT outside #fashion #styleinspo #outfit #girls #fyp ,"[('outfits', 0.5709), ('outfit', 0.5202), ('fashion', 0.5045)]",False
#summeroutfit #outfitinspiration #stradivarius #skort ,"[('outfitinspiration', 0.5442), ('summeroutfit', 0.5285), ('skort', 0.4531)]",False
#haul #ootd #outfitinspo #outfitideas #zarahaul #zara #fashiontiktok #fashioninspo #summerfits #asos #asoshaul #skirt @asos ,"[('outfitideas', 0.536), ('fashiontiktok', 0.5206), ('zara', 0.4928)]",False
ootd com a amiga  @Beatriz Teixeira #outfitinspo #outfitcheck #ootd #outfitideas #summeroutfit #fyp ,"[('outfitideas', 0.5728), ('outfitinspo', 0.5233), ('amiga', 0.5141)]",False
Attenzione a materiali e colori  #outfitideas #outfitinspo #petitefashion #fashiontiktok #summeroutfit #summerinspo #summerfits ,"[('attenzione', 0.5196), ('fashiontiktok', 0.5135), ('outfitinspo', 0.4846)]",False
 #summer #summerideas #summer2023 #outfits #outfitinspo #love #summerides #beachoutfitideas #ideasforsummer #beachfits ,"[('summerideas', 0.6739), ('summerides', 0.623), ('beachoutfitideas', 0.5658)]",False
"Italy lookbook  featuring elegant and modest outfits I love so much! 

Links are available- comment if you’d like the list  

#italylookbook #italylooks #travels #modestgirlies #modestfashion #elegantoutfits #outfitoftheday #outfitsIwore #italytravel ","[('italylookbook', 0.6035), ('italylooks', 0.5089), ('outfits', 0.5089)]",False
"Outfit ! Sto facendo la valigia e scegliere i look è più difficile del previsto! Aiutatemi a decidere: 
#fashionlook #valigiapronta #outfitvacanza #modaitaliana  #travelstyle #comefarelavali​gia #tiktokitalia #ootd #lookbook #scelgoiconvoi #estate2025 #ispirazionemoda","[('outfitvacanza', 0.5138), ('outfit', 0.4993), ('fashionlook', 0.4831)]",False
#lookbook #fashionista #streetstyle #marinitrani #tryonhaul #fashionsale #promozione #newcollection #shopnow #styleinspo #styleinspo #fashion #spedizioniintuttaitalia ,"[('fashion', 0.6138), ('fashionista', 0.5928), ('fashionsale', 0.5619)]",False
"""✨ Chiara Ferragni ci porta in un viaggio di stile con il suo ultimo video, cambiando una serie di outfit mozzafiato che esprimono la sua creatività e il suo innato senso della moda. Ogni look è unico e ci ispira a sperimentare con il nostro guardaroba! Che meraviglia vedere come riesce a trasformare ogni pezzo in un'opera d'arte fashion. ""

Hashtag:
#ChiaraFerragni #FashionJourney #OutfitChange #StyleInspo #FashionIcon #LookBook #OutfitInspiration #ModaItaliana #StyleQueen #Trendsetter #Fashionista #CreativeStyle #FashionRevolution #ChiaraStyle #FashionDiaries #OutfitGoals #ItalianFashion #StyleInspo #FashionTransformation #WardrobeMagic #Styling #FashionVibes #Eleganza #FashionCreativity #FashionShow #Glamour #Moda #FashionLovers #StyleEvolution #chicandtrendy ","[('fashionrevolution', 0.5202), ('fashionvibes', 0.4836), ('fashionista', 0.4731)]",False
"A preview of our Estate Italiana - ‘Italiana Summer’ collection available online @ioete.store 

#ioetestore #estateitaliana #italiansummer #slowfashion #italianstyle #summerlookbook #slowfashiontiktok #slowstyle #unisexclothing ","[('italiana', 0.6269), ('italianstyle', 0.5384), ('italiansummer', 0.5306)]",False
"Diversa, mai meno 

#OutfitChange #StyleStatement #LookBook #FashionEdit #TikTokStyle #DonneConStile #NoFilterStyle#OutfitChange #StyleEdit #LookSwitch #TikTokItalia ","[('outfitchange', 0.5686), ('tiktokstyle', 0.5019), ('tiktokitalia', 0.4832)]",False
Il look pesca è adatto a ogni occasione  Fateci sapere il vostro outfit preferito nei commenti! #Fashion #ItalianFashion #Outfit #OfficeLife #Ufficio #Biblioteca #Look #Camicia #Shirt #LookBook #OutfitInspo #DietroLeQuinte #Halloween ,"[('outfitinspo', 0.4989), ('fashion', 0.4657), ('commenti', 0.4513)]",False
"What to wear in Italy this Summer

Here’s everything I wore in Italy during June and July! North (Milan and Lake Como) can be a bit cold during the morning and night while down south (Florence and Rome) was sooo hot!   

#italy #europesummer #whattowearitaly #italysummer #italia #firenze #roma #milano #lagodicomo #traveltok #travel #fyp ","[('italia', 0.4717), ('italysummer', 0.4679), ('italy', 0.4361)]",False
"What to wear in italy this spring and summer 
I’d prefer some chic options , combined with sequins for that perfect vacation feeling and you ?#italysummer #italysummer2025 
#europeansummer #italystyle #vacation #italiansummer #italiansummeraesthetics #italianfashion 
#greenscreen ","[('italystyle', 0.5676), ('italiansummeraesthetics', 0.5423), ('italysummer', 0.5362)]",False
ONCE YOU SEE IT YOU CANT UNSEE IT AND YOU CANT STOP NOTICING IT #italianfashion #italianfashionstyle #italianculture #modaitaliana #blue #tips #italiansummer #bilingual #bilingue #traveltips #italoamericana #culturaitaliana #fyp #tourist ,"[('italianfashionstyle', 0.6226), ('italianfashion', 0.6032), ('italiansummer', 0.5822)]",False
"Shein outfits for Italy 
Some are out of stock, but I try to find the best similar ✌
#ootditaly #italy #sheinoutfit #sheindress #sheincodes2023 #sheinootd #italyootd #sheininitaly ","[('italyootd', 0.5177), ('italy', 0.4774), ('outfits', 0.4594)]",False
"Você vai curtir o Eurosummer? Salva esse post ou manda pra quem você sabe que vai viajar! ☀️

Se você está vindo pra Itália entre ✨junho e setembro✨ saiba que o verão europeu é quente, estiloso e exige praticidade.

Essas são as peças que recomendo levar na sua mala de mão pra curtir com conforto e elegância direto do berço da moda. 

✨ Conjuntos frescos
✨ Camisa de botão 
✨ Vestido midi 
✨ Shorts de alfaiataria
✨ Saia de cetim 
✨ Rasteiras confortáveis
✨ Bolsa leve de palha ou crossbody
✨ Casaco fininho pra noite
✨ Óculos de sol 
✨ Chapéu ou boné 
✨ Biquíni ou maiô
✨ Saída de praia 
✨ Batas e blusinhas leves 

Te vejo em alguma piazza por aí? 

#eurosummer2025 #italianstyle #maladeverao #consultoriadeimagem #ladolcevita #viajareestilo #italianvibes ","[('italianvibes', 0.4125), ('italianstyle', 0.3721), ('europeu', 0.3626)]",False
"Best dress for Italy   
#amalficoast #amalfi #lemondress #slay #eurosummer #lemon #zesty #zestytrends #bratsummer #foryou #foryoupage #italy #italiansummer #fyp #fy #pasitano ","[('italiansummer', 0.5597), ('italy', 0.4621), ('amalficoast', 0.4573)]",False
what i would wear in italyyy @Meshki ,"[('italyyy', 0.5425), ('wear', 0.5015), ('meshki', 0.3494)]",False
Capri Outfits,"[('capri', 0.7453), ('outfits', 0.6602)]",False
"A sunny Thursday in my life living in Torino, Italy ☺️

#dayinthelife #movingabroad #digitalnomadvisa #turin ","[('turin', 0.5212), ('torino', 0.4759), ('dayinthelife', 0.4394)]",False
"Day in the life living in florence, italy  #florenceitaly #studyabroad ","[('florence', 0.6871), ('florenceitaly', 0.6642), ('italy', 0.46)]",False
another normal day in a normal life #vlog #normalpeople ,"[('normalpeople', 0.6116), ('normal', 0.4672), ('vlog', 0.4431)]",False
Quick vlog!! #dayinmylife #italy #italianstudent #choir #theatre ,"[('italianstudent', 0.5696), ('italy', 0.486), ('choir', 0.417)]",False
"Cammino come Forrest

#fyp #perte #italy #milan #dayinmylife ","[('cammino', 0.5979), ('milan', 0.5478), ('italy', 0.4106)]",False
"first full day in Milan!!

#milanitaly #milanvlog #dayinmylife #studyabroad #aupairvlog #aupair #travelvlog ","[('milan', 0.6242), ('milanvlog', 0.6211), ('milanitaly', 0.5728)]",False
"Struggling to go viral as a fashion creator?Here are content ideas that actually get views, followers, and brand attention - even with a small audience.

I've helped fashion girls go from stuck to viral, land paid collabs, and grow faster by posting smarter - not more.
Want all the viral content strategies+ exact steps to land deals?

I'm hosting a FREE masterclass this week. Comment MASTERCLASS below or DM me ""masterclass"" to save your seat.
#FashionCreatorTips #ViralContentldeas
#FashionReels #GrowOnInstagram
#FashionInfluencer #PaidToPost #UGCcreator
#Masterclass2025 #BrandCollabs
#ContentStrategy #StyleCreators #PRListReady","[('fashioncreatortips', 0.5481), ('fashionreels', 0.5232), ('fashioninfluencer', 0.5214)]",False
"NOT DIRECTLY TALKING ABOUT SOMEONE, just want to give y’all sauce & a heads up of what community you’re diving into  hope this video helps you start your journey  #fyp #viral #fashion #fashiontiktok #OOTD #fypツ #fashioninspo #streetwear","[('fashion', 0.5166), ('fashioninspo', 0.5088), ('streetwear', 0.481)]",False
"lmk if u want me to talk more about any specific things id be happy toooo
my 1920s dress is from @Moon Zooom Vintage 

#fashiondesigner #fashiontiktok #artistsoftiktok #metgala #sewing #artist","[('dress', 0.5026), ('fashiontiktok', 0.4603), ('fashiondesigner', 0.4565)]",False
"Follow for more tips and content 
#howtogrowfashionpage #howtogrowontiktok #fashiontips #explore #fyp #fashion #streetwear #fashiontiktok #outfitinsp #2025fashiontips","[('fashiontips', 0.6989), ('fashiontiktok', 0.5521), ('howtogrowfashionpage', 0.5088)]",False
a lot of you guys ask me how I got started so here’s my story. Let me know what else you want to know ✨ #grwm #storytime #fashion,"[('fashion', 0.4786), ('storytime', 0.4226), ('grwm', 0.3915)]",False
The fashion space is a tricky tricky B word! #TikTokShop #AffiliateMarketing #TikTokAffiliate #SocialMediaMarketing #AffiliateTips #TikTokTips #fashioncreator,"[('tiktokshop', 0.5523), ('fashion', 0.5221), ('tiktoktips', 0.5179)]",False
#foryoupage #blowthisup #fashiontiktok #outfitinspo #amadouuo,"[('fashiontiktok', 0.5702), ('blowthisup', 0.5175), ('outfitinspo', 0.4849)]",False
My 5-9 as a Fashion Influencer! This is work okayyy lol but we’ve got plans & goals so it must get done! #fashioninfluencer #fashiontok #howtobeaninfluencer #contentcreator #creatorsearchinsights,"[('fashioninfluencer', 0.5063), ('fashiontok', 0.476), ('fashion', 0.4422)]",False
Step by step on how to increase your income as a fashion content creator #pinterest #ltk,"[('income', 0.4326), ('fashion', 0.4007), ('pinterest', 0.391)]",False
Up close & personal today! My biggest tips to grow your fashion brand in 2025  #fashionmarketing #melbournefashion #digitalmarketingtips #digitalagency #ecommerce #ecommercebusiness,"[('fashionmarketing', 0.595), ('fashion', 0.4771), ('digitalmarketingtips', 0.4506)]",False
"once i started making content & building partnerships with clothing brands i was finally able to afford my style ‍↕️‍↕️ .. are you interested in becoming a content creator??  my “How To Become a Fashion Influencer” ebook is officially ready! ‍↕️‍↕️ You can learn my tips & tricks to grow your platform, build fashion brand partnerships, and learn how to get paid from fashion content! link is in my bio! Also my 30 day content challenge is coming soon✨  #ootd #outfitinspo #blackgirlmagic #contentcreator #fyp","[('fashion', 0.4582), ('content', 0.3699), ('contentcreator', 0.3606)]",False
"how @Wisdom Kaye became one of the best fashioncreators of our generation (pls someone call the metgala bc not inviting him IS CRAZZYYYY) 

#personalbrand #contentcreators #fashioncreator #socialmediagrowth #influencer","[('fashioncreators', 0.6587), ('fashioncreator', 0.6152), ('kaye', 0.4037)]",False
I made my first rookie mistake… #fashion #mistake,"[('fashion', 0.4935), ('mistake', 0.4325), ('rookie', 0.3461)]",False
"It’s not just about your talent, it’s about how you run your brand.
Which mistake are you guilty of? Be honest 
#stylebysa #fashionceo #madeinnigeria #thecorporatebaddie #fyp #virał #fashiondesignerinbenincity #nigerianfashionbrand #SellYourDesigns #fashionbusinesstips","[('fashionbusinesstips', 0.539), ('fashionceo', 0.5189), ('nigerianfashionbrand', 0.4773)]",False
Common mistakes for fashion designer - colours #fyp #fashiondesigner #clothingbrandtips #fashiontiktok #fypage #fashiontok #yapping #fashiondesignertips,"[('fashiondesignertips', 0.6139), ('fashiondesigner', 0.6138), ('fashiontiktok', 0.565)]",False
"biggest fashion mistakes Camilo and Maya wish they knew from the start 

#fashiontiktok #fashion #fashiontips #stylingtips","[('fashiontips', 0.6221), ('fashion', 0.5639), ('fashiontiktok', 0.5369)]",False
I MESSED UP!!! So much this year so i thought id be open with you all about it #fashiondesigner #fashionbrandowner #businessowner #businessmistakes #businessfails,"[('fashionbrandowner', 0.5993), ('fashiondesigner', 0.563), ('businessowner', 0.3869)]",False
"How we were able to correct a mistake (Attraction)
#attraction#dressmaking #fashiondesign #black #Fashion #viraltiktok","[('fashion', 0.4681), ('fashiondesign', 0.4381), ('attraction', 0.4025)]",False
Always there fr. #modellife #fashioninspo #relatablecontent #modelvibes #ınstamodel #viralvideo  #humorandfashion #genzstyle #modelgoals #mood #ａｅｓｔｈｅｔｉｃｖｉｂｅｓ #trendingnow #modelingjourney #instagrammodels #funnyvideos #inspireandempower #dailylaughs #fashioninfluencers #contentcreator #youngtalent #facecardneverdeclined #maincharacter #mistakes #age #13 #14,"[('instagrammodels', 0.6347), ('fashioninfluencers', 0.5602), ('modellife', 0.5378)]",False
"The most important thing is that you learn an improve everyday. Breathe out and breathe in biko!

#tailorgirl #fashiondesigner #fashiontiktok #dimmysdeluxe #fashioncontent #fashion","[('fashion', 0.5481), ('fashiontiktok', 0.5445), ('fashiondesigner', 0.5263)]",False
"3 Outfit Mistakes That Instantly Age you. You are in your prime age, why are you dressing like you are in the 70s

#creatorsearchinsights #outfitmistakes #outfitinspo #fashiontiktok #stilettoshoes #mulesshoes #blockheels #olivedress #mustarddress #yellowdress #levelup #stylemistakes #stylingtips #fashionhacks #mary_osemeka","[('fashionhacks', 0.5753), ('outfit', 0.5308), ('outfitmistakes', 0.5122)]",False
"the 2 most common mistakes from beginner stylists .
#fyp #fashiontiktok","[('stylists', 0.6084), ('fashiontiktok', 0.5963), ('mistakes', 0.3735)]",False
The mistakes I’ve learned to fix being a content creator.  Do Part 2?  #howtobeacontentcreator #blackcontentcreators #blackfashioninfluencer,"[('blackcontentcreators', 0.5715), ('content', 0.4525), ('blackfashioninfluencer', 0.3517)]",False
"5 things that make you look cheap 

#creatorsearchinsights #fashiontipsforwomen #fashionhacks #pantyline #levelup #stylemistakes #stylingtips #munaalexy","[('fashiontipsforwomen', 0.5964), ('fashionhacks', 0.5867), ('stylingtips', 0.4973)]",False
"I love that she tries to copy me. 

#MomAndDaughter
#OOTD
#MiniMeOOTD
#MatchingOutfits #TikTokFashion
#MomStyle
#DaughterStyle #OOTDChallenge #TwinningWithMom #FashionForMoms
#OOTDVideo
#CuteOOTDIdeas
#FamilyGoals
#MommyAndMeOOTD
#TikTokOutfits

@Princess Polly @HYDROJUG @Amazon @BIRKENSTOCK USA @Old Navy Official @Crocs","[('momanddaughter', 0.5017), ('mommyandmeootd', 0.4348), ('daughterstyle', 0.3869)]",False
"my outfit for today  
#fitcheck #outfitideas #ootd #casualstyle #fashioninspo #creatorsearchinsights","[('outfit', 0.6317), ('outfitideas', 0.5596), ('fashioninspo', 0.5573)]",False
lately ive really been leaning towards comfy and breathable but making it cute  #ootdinspo #OOTD #summeroutfits #outfitideas #outfitoftheday #modestfashion #summeroutfitinspo,"[('breathable', 0.4467), ('summeroutfits', 0.439), ('summeroutfitinspo', 0.4228)]",False
"i promise i tried
-
-
-
-
-
#outfitideas #fashiontiktok #outfitinspo #ootd #getdressedwithme #blackgirloutfitideas","[('outfitideas', 0.6148), ('outfitinspo', 0.5909), ('blackgirloutfitideas', 0.5797)]",False
"a week of work fits 
#gdwm #ootdinspo #trending #outfittransition 
#fashiontips #outfitideas #ootd #styleinspo #trendylook","[('fashiontips', 0.6068), ('outfitideas', 0.4961), ('styleinspo', 0.4935)]",False
"save for your next ootd
#ootdpose #ootd #ootdtips #outfitvideo #OOTD #fyp #foryou #foryoupage","[('outfitvideo', 0.5729), ('foryoupage', 0.4671), ('ootd', 0.3963)]",False
almost forgot to post this fitcheck had it sitting in the drafts still#OOTD #styleinspo #girlygirl #cuteoutfits #blowouthair #summeroutfits #summerclothing #outfitinspo #outfitinspiration #outfitidea #clothingtips #styleinspo #fashiontiktok,"[('outfitinspiration', 0.5607), ('clothingtips', 0.5301), ('fashiontiktok', 0.5205)]",False
"how to make & edit those trending #ootd videos

Creators featured: @Anahí  @Rojanna Tayco 

#contentcreator #microinfluencer #contentideas #creatortips #microinfluencertiktok #microinfluencertips #microinfluencerjourney #microinfluencerclub #contentcreation #creatorjourney #fashionvideo #trendingvideos #capcut #capcuttutorial #capcuttemplates #editingtips #editingtutorial #howtoedit #editingvideos","[('trendingvideos', 0.6823), ('trending', 0.5383), ('editingvideos', 0.4958)]",False
you already know it✨ #littlemix #outfitinspo #fashiontiktok #outfitideas #fashioninspo #summeroutfit #ootd #styleinspo #fyp,"[('fashioninspo', 0.5996), ('fashiontiktok', 0.5901), ('outfitinspo', 0.5811)]",False
White fits for summer  #elevatedbasics #summeroutfits #ootd,"[('summeroutfits', 0.5018), ('white', 0.4523), ('summer', 0.4166)]",False
"<3

#ootd #outfitoftheday #outfitinspo #outfittransition","[('outfittransition', 0.743), ('outfitinspo', 0.7037), ('outfitoftheday', 0.6919)]",False
did I mention I love this song #ootd #outfitinspo #summer #fyp #foryou #womensfashion #casualootd #ltk,"[('outfitinspo', 0.3698), ('womensfashion', 0.3506), ('song', 0.3271)]",False
What should we do next? #socialmediamarketing #socialmediagrowth #contentcreatortips #tiktokstrategy #personalbranding #monetize #fashioninspo,"[('socialmediamarketing', 0.6285), ('socialmediagrowth', 0.5579), ('personalbranding', 0.4749)]",False
Trust me on this strategy girlies. I want you to make money on your amazing wardrobe choices. #creatormonetization #creatorinsights,"[('wardrobe', 0.4883), ('girlies', 0.3631), ('creatormonetization', 0.3506)]",False
Reply to @nida.faizan which niche is next?! #tiktokcontentexpert #fashionniche #fashioncreator #tiktokstrategist #contentcreatorcoach #caitlinjenco,"[('niche', 0.5592), ('fashioncreator', 0.5221), ('fashionniche', 0.5135)]",False
Are you a fashion creator? Who’s not getting as many views as you’d like? I totally get it and you can change that to just a little bit more engagement and a lot more views. #fashioncreator #socialengagement #ContentCreation #contentcreator #socialmediacoach,"[('fashioncreator', 0.4843), ('fashion', 0.4587), ('socialmediacoach', 0.432)]",False
"[ SAVE & SHARE ✨ ] My 7-step process to creating FASHION CONTENT  Follow these steps to create your next 3–5 fashion content posts seamlessly. 

1️⃣ Identify Key Item – Start with a staple item you love and feel excited to style! 

2️⃣ Create Concepts & Content Ideas – Create unique ideas around your key item, like unboxing, OOTD, style 3 ways, how-to style, etc. Keep it fresh and diverse. 

3️⃣ Build Your Outfits – Style your key item in several ways based on your content ideas. Ask: How many outfits do I need? How can I make each one stand out? 

4️⃣ Create a Film/Shot List – Plan your shots ahead for direction and efficiency while shooting. 

5️⃣ Film Your Content – Use your shot list and don’t forget your back camera for better quality. 

6️⃣ Edit Your Content – Edit in @capcutapp , focusing on storytelling and seamless transitions. ✂️

7️⃣ Schedule & Post Your Content – Plan & Track your content with an editorial calendar, post organically, and engage with your audience for at least 10 minutes after posting. 

Et voilà!  You not only have 3–5 posts, but you also have a repeatable system for styling any new staple. 

Which step would you like me to dive deeper into next? Drop your questions in the comments below! 

#createcontent #fashioncontent #fashioncontentcreator #explore #explorepage #sherpajacket","[('fashioncontentcreator', 0.4866), ('outfits', 0.4856), ('fashion', 0.4542)]",False
"If i were to create a fashion brand today - this is how id do it!

#marketing #branding #creativedirection","[('branding', 0.5979), ('fashion', 0.5335), ('brand', 0.5114)]",False
"Wanna start creating content? This is how i film my fashion videos. I show you all my tips & tricks, from prepping to filming, so take notes!

#bygisziegiss #yourplugsister #fashionvideostutorial #beginnercontentcreatortips #upcominginfluencers #influencercontentideas #fashioncontentcreators #microinfluencertips #takingcontentcreationseriously","[('fashionvideostutorial', 0.5566), ('fashioncontentcreators', 0.5335), ('filming', 0.4712)]",False
Brand marketing in 2025#clothingbrand #fashionmarketing #brandstrategy #clothingtips #contentcreation #creatorsearchinsights,"[('fashionmarketing', 0.59), ('clothingbrand', 0.5895), ('brandstrategy', 0.5667)]",False
@LOEWE is really that girl when it comes to unique marketing content. Breaking down 3 social media content strategies they’re crushing! #fashion #marketing #socialmedia #content #socialmediamarketing #tips #strategy #loewe #greenscreenvideo #greenscreen,"[('socialmedia', 0.5153), ('socialmediamarketing', 0.5109), ('loewe', 0.4768)]",False
#foryoupage #blowthisup #fashiontiktok #outfitinspo #amadouuo,"[('fashiontiktok', 0.5702), ('blowthisup', 0.5175), ('outfitinspo', 0.4849)]",False
A big old list of content ideas for fashion creators #fashiontiktok #styletiktok #contentcreatorsoftiktok #creatortips #tiktokcontent #contentideas,"[('fashiontiktok', 0.6963), ('styletiktok', 0.5931), ('fashion', 0.5125)]",False
Replying to @makenzie.wagner SAVE this Content Idea Tree example for the Fashion niche! #contentideasforsocialmedia #fashionniche #fashionbusinessowner #smallbiztipstuesday,"[('fashionbusinessowner', 0.4942), ('niche', 0.4492), ('fashion', 0.4443)]",False
Where to get fashion ideas #fypシ #streetfashion #streetwear #xyzbca,"[('streetwear', 0.6052), ('fashion', 0.5484), ('fypシ', 0.4516)]",False
"""Fashion + content = chefs kiss # ..
...This week, we're
turning outfits into engagement with fun content ideas-think GRWMs, OOTDs, styling tips, wardrobe essentials, and even fashion hauls! Whether you're showing off your signature look or helping others find theirs, there's so many ways to make your fashion your content staple...Which ideas is your favorite? #contentideas #contentcreator #fyp","[('fashion', 0.5575), ('wardrobe', 0.4872), ('content', 0.4678)]",False
content creation ideas for lifestyle and fashion creators !!!! #contentideas #fashioncontent #tiktokgrowth #fulltimecontentcreator #whattopostontiktok,"[('fashioncontent', 0.5328), ('fashion', 0.4687), ('content', 0.4184)]",False
#fitcheck #DigitalMarketing #dreamlife #fyp #parisianstyle #parisfashionweek #lifestyle #fashion #reeltips #growmyaccount,"[('fashion', 0.4822), ('fitcheck', 0.4701), ('parisianstyle', 0.4145)]",False
"save this for fashion and lifestyle content ideas!✨
•
#contentcreator #contentideas #fashionhacks #contentcreatortips #fyp","[('contentcreatortips', 0.5685), ('fashionhacks', 0.532), ('fashion', 0.4769)]",False
I recently found this fashion blogger page and I love it so much! It’s also great to tag if your a fashion blogger #fashion #blogger #instagramfashion,"[('blogger', 0.4803), ('fashion', 0.4403), ('tag', 0.3806)]",False
OOTD#ootd #maximalism #fashioninspo #fypシ゚viral #outfitsinspo #fypシ゚viral #fypシ #summer #skirtoverpants #tylerthecreator #layeredoutfits #unique,"[('outfitsinspo', 0.5614), ('fashioninspo', 0.5576), ('skirtoverpants', 0.5209)]",False
fitted in @kalliopeisamuse w/ @Zoe #fyp #foryoupagе #ftcelly #fashioninspo #contentcreator #ootd #fashiontiktok #outfitinspo,"[('fashiontiktok', 0.6198), ('fashioninspo', 0.617), ('outfitinspo', 0.6076)]",False
What should I name this series frennnn? This fashion series is to help those who may be stuck finding their style or styling possibilities. I am not a professional this is all for fun  #ootdfashion #monochromeoutfit #stylefromscratch,"[('stylefromscratch', 0.5883), ('fashion', 0.5173), ('monochromeoutfit', 0.4784)]",False
Its time to step out a minute! #creatorsearchinsights #contentcreator #over50styleinfluencer #fashiontiktok #over50style #over50style,"[('fashiontiktok', 0.5727), ('over50style', 0.4914), ('creatorsearchinsights', 0.4804)]",False
today ⭐️,"[('today', 0.8002)]",False
Top fashion styles for 2025 #creatorsearchinsights #fashiontips #styleinspo #trendylooks #outfitideas #mensfashion #streetwear #fyp,"[('fashiontips', 0.6219), ('fashion', 0.593), ('streetwear', 0.5207)]",False
Name a better niche fashion content creator… oh wait you can’t #fypシ #fyp #fashiontiktok #grwm #streetwearfashion #streetwearinspo,"[('streetwearfashion', 0.5956), ('fashiontiktok', 0.5803), ('streetwearinspo', 0.5645)]",False
#fashioncontentcreator #streetstylefashion #baggyjeans #baggyjeansoutfit #baggyclothes #streetwear #streetstyleinspo,"[('baggyjeans', 0.6763), ('baggyjeansoutfit', 0.6746), ('streetwear', 0.5814)]",False
"My favorite fashion influencers for outfit ideas 

@Jasmine Tookes @nadakamani  @iamrebeccad12 @Kate Hutchins @Alice Olivia @paige lorenze @Melissa A. R 

#fashioninfluencers #ootd #outfitideas #fashion #fyp #outfits #outfitinspo #fashiontrends #chicoutfit #modestfashion 
##greenscreen","[('fashioninfluencers', 0.5743), ('fashion', 0.5329), ('fashiontrends', 0.5327)]",False
Welcome to all my new followers ! You’re going to love it here #CapCut #blackgirlcontentcreator #plussizefashion #plussizetiktok #fyp #fashioninspoforyou #trending,"[('blackgirlcontentcreator', 0.5517), ('fashioninspoforyou', 0.5406), ('followers', 0.4467)]",False
HOW I PUT TOGETHER MY OUTFITS ✍ breaking it down step by stepcbased around a certain item/vibe makes the process so much easier & more enjoyable!!!! #fashiontiktok #fashiontips #fashionhacks #stylingtips #howtostyleoutfits,"[('fashiontips', 0.5817), ('outfits', 0.4971), ('stylingtips', 0.4961)]",False
Styling 1 top 4 ways ⋆.˚ .˚~ which was your favorite? ^-^ #styling #outfitinspo #blacktop #outfitideas  #outfittransition,"[('styling', 0.5666), ('outfitinspo', 0.5497), ('outfittransition', 0.5397)]",False
3 business fashion hacks @MOTF  15% off DC C0DE: MOTF24013 Formal corporate outfit tips to elevate your naturally chic look #MyMOTF #MOTFpartner #fashionhacks Search ID on SHEIN.COM & shopmotf.com,"[('fashion', 0.5673), ('fashionhacks', 0.5356), ('motf24013', 0.4415)]",False
"Grwm: How to create an outfit. Which style is your favorite 1,2 or 3.
-Shop outfits link in bio LTK
#fashiontiktok","[('outfits', 0.6206), ('fashiontiktok', 0.5985), ('outfit', 0.588)]",False
HOW TO PUT TOGETHER AN OUTFIT EFFORTLESSLY #outfitinspo #styletips #swag,"[('outfitinspo', 0.575), ('swag', 0.5683), ('outfit', 0.5608)]",False
"Style with me #3
.
.
.
.
.
.
.
.

#layersonlayers #stylingtips #stylinghacks #wearyourclothesbackwards #rewearyourwardrobe #thriftedootd #ootd #stylewithme","[('stylinghacks', 0.6043), ('stylingtips', 0.589), ('stylewithme', 0.579)]",False
"Many women are not confident with how to style correctly their favorite oversize clothes. ⚡Discover the art of effortless style with our off-the-shoulder tunic and linen pants combo.  Embrace the fluidity and comfort of these pieces. Get this outfit now at clothesbylockerroom.com!#lockerroom #clothesbylockerroom
#lockerroomflashsale #fromboringtobold
#edgyfashion #boldstyle #uniqueclothing
#extravagant #fashionover40 #boldandbrave
#originaldesigns #urbanchic #oversizedjumpsuit","[('oversizedjumpsuit', 0.5435), ('clothesbylockerroom', 0.5008), ('oversize', 0.4874)]",False
"Ok this 333 method really helped me come up with outfit ideas, and made me realize just how easy it is to pair items together from my capsule wardrobe 

#capsulewardrobe #capsulewardrobestyle #capsulewardrobeideas #stylingtips #stylingideas #capsulewardrobetips","[('capsulewardrobestyle', 0.5487), ('capsulewardrobe', 0.4341), ('capsulewardrobetips', 0.4174)]",False
"How to dress better than 99% of the population ‍↕️ 

#mensfashion #summerfashion #summeroutfits #mensstyle","[('dress', 0.5218), ('mensstyle', 0.4849), ('summerfashion', 0.4382)]",False
Fashion tips for if you don’t know what to wear… #fyp #fashion #streetwear #fashiontips #fashionadvice #mensstyle #stylingtips,"[('fashiontips', 0.7642), ('stylingtips', 0.5629), ('fashion', 0.5387)]",False
how to make an outfit you actually like  #outfitideas #outfits #androgynousstyle #androgynousfashion #unisex #unisexfashion #nonbinary #outfitinspo #styleadvice #styleinspo #fallfashion #falloutfits #fashiontiktok #ootd,"[('outfits', 0.5831), ('outfitinspo', 0.582), ('outfit', 0.5798)]",False
"convenient!
#fashiontok #styleinspo #outfitideas #sandwichmethod","[('fashiontok', 0.5921), ('outfitideas', 0.5325), ('sandwichmethod', 0.5095)]",False
"here’s how to dress girly & comfortable at the same time!!!! truly a win win situation  this is the perfect everyday style for work, running errands, weekends, etc. when you want to look stylish but still feel comfortable 

 if you love the girly casual vibe, take bits & pieces of what I said that resonate with you and add into your daily outfits! including style characteristics from something that you love is such a fun way to add a little bit of YOU into the outfits that you wear to work, run errands, wear on the weekends, etc.

Timestamps:
0:00-0:56 everything you need to know about the girly casual style ✨
0:57-2:32 outfit ideas!!!! 

#girlyaesthetic #casualstyle #girlystyle #girlycasual #pinterestoutfit #pinterestaesthetic #summerstyle #summeroutfits #summeroutfitinspo #realisticstyle #affordablefashion #everydaystyle #everydayoutfits #luxuryonabudget #everydaystyleinspo #comfortableoutfit #greenscreen","[('dress', 0.5485), ('outfits', 0.5156), ('outfit', 0.4821)]",False
#casualoutfitideas #easyoutfits #everydayoutfits,"[('everydayoutfits', 0.719), ('easyoutfits', 0.6604), ('casualoutfitideas', 0.6592)]",False
"Minimal Style: #streetstyle #ootd

#creatorsearchinsights #summerchic #style #fashion #chic #mystyle #personalstyle #effortlessstyle #streetfashion #minimal #minimalstyle #minimalstyleoutfit #minimalstyledaily #minimalstyleinspo #neutralstyle #neutraloutfit #outfitinspo #outfitideas #outfitoftheday #summerstyle #summerfashion #summerfashioninspo #jenknowsstyle #jenknowsbest #styleexpert #fyp #pretty #trending #coolgirlaesthetic #coolgirlstyle #ayllon @RAILS @Jonak Paris #khaite","[('minimalstyle', 0.6203), ('minimalstyledaily', 0.5927), ('streetstyle', 0.5821)]",False
ootd!! #outfitideas #outfitinspo #ootd #fitcheck #outfitoftheday #fashion,"[('outfitinspo', 0.621), ('outfitideas', 0.6134), ('outfitoftheday', 0.6091)]",False
Love my new sweater from Ann mashburn  feels super chic yet wearable for everyday! ✨ #simpleoutfit #basicoutfitideas #chicoutfit #timelessstyle #modeloffduty #airportstyle #airportoutfit #traveloutfit,"[('sweater', 0.5488), ('wearable', 0.4405), ('chicoutfit', 0.3873)]",False
little ootd #summerfashion #summerootd #outfitinspo #outfitoftheday #summerchic #trendycasualoutfits #creatorsearchinsights #everydayoutfitideas,"[('summerfashion', 0.5607), ('summerootd', 0.5529), ('summerchic', 0.5319)]",False
#fyp#outfitinspo,"[('outfitinspo', 0.6839), ('fyp', 0.5745)]",False
"gdwmmm
#gdwm #getdressed #getdressedwithme #outfit #outfitinspo #outfitideas #summeroutfits #summeroutfits #fyp #fyp #fypシ゚viral #fypage #foryoupage #foryoupageofficiall","[('getdressedwithme', 0.5722), ('getdressed', 0.521), ('outfit', 0.501)]",False
"Linked in LTK wearing @Revolve @Edikted @Tony Bianco @DISSH #clothinghaul #summerclothes #fyp #summerdresses #summerhaul
#dailyoutfits #OOTD #SummerFashion #shoppinghaul #outfitinspo #summeroutfit #holidayoutfits #shopping #holidayclothes #ootdinspo
#outfitinspo #SummerFashion #outfitideas #vacationoutfits #summeroutfit","[('summerclothes', 0.5915), ('summeroutfit', 0.5223), ('clothinghaul', 0.5033)]",False
"Off to get a facial @Rescue Spa with my friends!!! Wearing @ALMADA label pants, @SESSEI T-shirt, @Tony Bianco sandals, and @DeMellier bag #ootdinspo #outfitoftheday #fitcheck #dailyoutfits #nycootd #minimalstyle #easyoutfits","[('spa', 0.419), ('outfitoftheday', 0.4102), ('sandals', 0.3647)]",False
Daily outfit #makeup #grwm #fyp #fitcheck #dailyoutfits #dailyoutfitideas #dailyoutfitinspo #ootdfashion #blazeroutfit #latestoutfits #outfitoftheday #blazeroutfit #fashiontiktok #fitcheck,"[('outfit', 0.544), ('outfitoftheday', 0.529), ('fashiontiktok', 0.5128)]",False
"From elegance to bold  Stay tuned for more looks and transitions 

#FashionTransition #OOTD #GlowUp #TrendAlert #StyleInspo #OutfitChange #ViralFashion #InstaFashion #Fashionista #FashionGoals #TransformationTuesday #FashionReel #StyleGoals #BeforeAndAfter #ChicTransition #TikTokFashion #FashionTikTok #FYP #ExplorePage #ViralLook #TikTokStyle #OutfitInspiration #Transition #TikTokGlowUp","[('fashiontiktok', 0.6717), ('fashiontransition', 0.5835), ('stylegoals', 0.5267)]",False
ೀ⋆｡˚ outfit transformation with twinn!! ~  ~ || dc; @     ིྀ tags:: @┆⟡ ݁₊ ! ۶ৎ #zepeto #zepetotiktok #zept #viral #xybca #xybcafyp #christmas #challenge #watchbutnotlike??,"[('zepetotiktok', 0.5006), ('zepeto', 0.4818), ('twinn', 0.4582)]",False
Old lady dress transformations,"[('dress', 0.5656), ('lady', 0.3964), ('transformations', 0.3476)]",False
Cross dressing These quick transformations should be a hit with the girls #tiktok #tiktokfashion #quickchange #amazingoutfits #stylehacks #fashionforyou #fyp,"[('fashionforyou', 0.4905), ('dressing', 0.4894), ('tiktok', 0.4766)]",False
Mama dressed up for a night out‍ #momsoftiktok #momsover30 #transition #glowup #momlife #fyp #transformation,"[('momsoftiktok', 0.5638), ('mama', 0.5611), ('momlife', 0.5154)]",False
"#outfittransition 
#outfittransitionchallenge 
#beautytransformation 
#glowupchallenge","[('outfittransitionchallenge', 0.736), ('outfittransition', 0.657), ('beautytransformation', 0.6059)]",False
My outfit transition  #outfit #fashion_outfits #beforeandafter #latinagirl #fyp,"[('fashion_outfits', 0.6234), ('outfit', 0.5231), ('latinagirl', 0.5136)]",False
"Explaining my recent outfit transformation - this is why the first outfit looks so horrible on me!!

#outfittransformation #kibbebodytypes #bodytypes #styletransformation #outfitbreakdown #outfitexplained","[('outfitexplained', 0.6613), ('outfittransformation', 0.6212), ('outfitbreakdown', 0.6123)]",False
Outfit Transformation  #yoursopretty #vibingbymyself #myoutfit #myoutfits #femalecontentcreator,"[('outfit', 0.5439), ('femalecontentcreator', 0.5345), ('myoutfit', 0.4052)]",False
#outfitchangetransition #ParaTi #Fyp,"[('outfitchangetransition', 0.7256), ('fyp', 0.4244), ('parati', 0.3805)]",False
